image_id,class_id,x_center,y_center,width,height,confidence
000003_jpg.rf.8511b9c219dbf9799a6d58900b15917d.jpg,7,0.499096,0.48293,0.452275,0.621995,0.957568
000006_jpg.rf.89610ec419ccfab22f8314026b90ee26.jpg,7,0.376837,0.164363,0.272028,0.328727,0.945039
00000_00000_00003_png.rf.d18afc3c9625ffb1974029d3e3762aee.jpg,6,0.521294,0.506426,0.570447,0.582883,0.922796
00000_00000_00005_png.rf.ab60a274676963d378f5014e89d9e2b1.jpg,6,0.535291,0.531288,0.613423,0.617149,0.921441
00000_00000_00006_png.rf.9d1ea68507aff6973a1dbcdc6f4422a8.jpg,6,0.532371,0.557404,0.600155,0.592149,0.922577
00000_00000_00008_png.rf.ff305dcd6e9ceb9188937311a4a1b207.jpg,6,0.511753,0.506334,0.652076,0.650288,0.928683
00000_00000_00013_png.rf.9076cbfc7f7811fa22547539a7e7ac02.jpg,6,0.533834,0.499019,0.70547,0.710849,0.946614
00000_00000_00017_png.rf.6c2381a6a103a041f23159fbd44868ed.jpg,6,0.53331,0.523906,0.740886,0.724567,0.928623
00000_00000_00021_png.rf.0803f8eb5b4566c44100cfef9d0bfa8e.jpg,6,0.528507,0.536241,0.780418,0.793094,0.944103
00000_00000_00024_png.rf.8b21eb79678eed47df52a9ab4319bc08.jpg,6,0.512532,0.506538,0.817775,0.815922,0.937925
00000_00001_00008_png.rf.936b0185c3b9131c96d42d60a5da1abb.jpg,6,0.529662,0.532116,0.592482,0.612944,0.925477
00000_00001_00013_png.rf.c2367f9d1b377597b2cc3706b70fa818.jpg,6,0.515465,0.532538,0.645239,0.651559,0.921137
00000_00001_00016_png.rf.2818a0160369aa9d2465007de479d6d3.jpg,6,0.522086,0.513323,0.652895,0.662734,0.931847
00000_00001_00020_png.rf.4fc3ed0f124f480c5152a541fff2dbf7.jpg,6,0.525768,0.499802,0.681097,0.711416,0.925211
00000_00001_00020_png.rf.af293e6651965d897c75935cf2084f7d.jpg,6,0.525768,0.499802,0.681097,0.711416,0.925211
00000_00001_00021_png.rf.beb4a4004ddd09e998abac6f77de0322.jpg,6,0.52252,0.511278,0.702111,0.744248,0.927279
00000_00002_00012_png.rf.d345a307460a0fa32e159261cffa0e88.jpg,6,0.516264,0.517344,0.604656,0.626964,0.93282
00000_00002_00015_png.rf.9c6647dad127ad8ea26b08ef5e31f15f.jpg,6,0.534522,0.522153,0.677771,0.680161,0.931558
00000_00002_00026_png.rf.092c69361ef48fd43b479aa48fc829d9.jpg,6,0.509896,0.50432,0.794831,0.780787,0.937709
00000_00003_00003_png.rf.cb1242e3f504fdf75084201d1d568a93.jpg,6,0.537685,0.561772,0.566375,0.550625,0.927805
00000_00003_00005_png.rf.91e4d86cd4241911356889c94ae3f5ee.jpg,6,0.535152,0.536958,0.56472,0.574482,0.927809
00000_00003_00011_png.rf.7d5f2a85458f70654be03f2a2cd47c06.jpg,6,0.533441,0.518637,0.620876,0.630019,0.93258
00000_00003_00015_png.rf.a18e8c7a509b0f5f98fe6221bac9aee4.jpg,6,0.532116,0.539998,0.688128,0.707072,0.952396
00000_00003_00017_png.rf.cb107aac6c3f74cfb122de76625c4abc.jpg,6,0.502296,0.517425,0.729555,0.697953,0.936644
00000_00003_00019_png.rf.d5f22619ed92e72b6d2ed7150b2db7c3.jpg,6,0.52256,0.515614,0.720664,0.72111,0.93003
00000_00004_00027_png.rf.339c3f63582ed2785e9d0740821e561e.jpg,6,0.518839,0.522979,0.822887,0.80606,0.941847
00000_00005_00000_png.rf.4b0a9b1409c4ee2cc880aa6e173d5e0e.jpg,6,0.522628,0.520659,0.566414,0.560866,0.909929
00000_00005_00003_png.rf.df858754a637fecb106924e9bc47a832.jpg,6,0.555202,0.524883,0.55429,0.582832,0.924652
00000_00005_00009_png.rf.318081408daa3bd6bd66422e94bd3dca.jpg,6,0.533991,0.514423,0.613151,0.627061,0.927987
00000_00005_00016_png.rf.80996367c51768326648d4c53f8a1e63.jpg,6,0.520529,0.487003,0.659241,0.704475,0.937104
00000_00005_00025_png.rf.f6c63209955abab1fc2ea39248553192.jpg,6,0.520194,0.507832,0.770147,0.818316,0.942912
00000_00005_00027_png.rf.397ea37e7f1f7c3029ef77da37b4d73a.jpg,6,0.510004,0.502612,0.806021,0.804916,0.944176
00000_00006_00000_png.rf.89204de3eb332a0f1dfbdbfeed2c4f19.jpg,6,0.504969,0.548104,0.472136,0.577104,0.867117
00000_00006_00004_png.rf.f3eaa594302a3387574994936ac8af80.jpg,6,0.50209,0.513275,0.586117,0.608932,0.911751
00000_00006_00009_png.rf.69ada07a494f34af78f9cbb977bb1fe7.jpg,6,0.523315,0.532751,0.665248,0.643451,0.941017
00000_00006_00009_png.rf.abb45158e58a911f6eb8f4784f718205.jpg,6,0.523315,0.532751,0.665248,0.643451,0.941017
00000_00006_00014_png.rf.c18a9a99443ea933a462c18e7d9cc035.jpg,6,0.511624,0.493944,0.688969,0.678187,0.942598
00000_00006_00021_png.rf.ceba1690308218617be309fd8dd38971.jpg,6,0.516907,0.515556,0.753988,0.729286,0.934238
00000_00006_00022_png.rf.8a9524bcedd0aa85d431b5314bdaf179.jpg,6,0.506472,0.514491,0.74959,0.731706,0.930522
00000_00006_00022_png.rf.ac6d1330d86c61ae4067afdd3a258ab3.jpg,6,0.506472,0.514491,0.74959,0.731706,0.930522
000012_jpg.rf.a2e9009c1ca91c2272045589701123f0.jpg,7,0.489494,0.340876,0.812659,0.361849,0.903714
000015_jpg.rf.1c60d15418d0291507def26c241ed27e.jpg,7,0.25401,0.370067,0.402412,0.470691,0.957698
00001_00006_00004_png.rf.d10a2232f001894c293a3899de728cad.jpg,7,0.524768,0.527536,0.734545,0.760987,0.949274
00001_00006_00026_png.rf.49d271a1ad59fd8fc3022b9d27fd55e2.jpg,7,0.504972,0.504002,0.786014,0.821555,0.950453
00001_00010_00003_png.rf.7aafa0add84d32dae0f70c72f29be839.jpg,7,0.53058,0.570789,0.526763,0.525796,0.95789
00001_00010_00010_png.rf.0c717d1fcb47c63dc21133891c67058d.jpg,7,0.548771,0.538534,0.575,0.617204,0.954165
00001_00011_00006_png.rf.b3c9ed7b58e8b06312406f5fb6ecb9cd.jpg,7,0.512573,0.527887,0.64625,0.615486,0.955697
00001_00014_00020_png.rf.dae49e781829147dd4dfd5b4812d0068.jpg,7,0.508829,0.515741,0.787761,0.796669,0.908273
00001_00019_00006_png.rf.ba8186909430430fb44e7eea3282a96b.jpg,7,0.535556,0.509974,0.592227,0.602675,0.95421
00001_00020_00001_png.rf.558285df18ab5e029ed28ae9b0442173.jpg,7,0.480283,0.532121,0.611161,0.740194,0.94641
00001_00020_00009_png.rf.70d380dd904a8b782ac06daf41622bc8.jpg,7,0.496216,0.514084,0.700977,0.771965,0.944042
00001_00021_00006_png.rf.c24e2e36491660b540a9b81687c16bc3.jpg,7,0.527567,0.543537,0.565537,0.589188,0.952786
00001_00021_00007_png.rf.7054b7fcb56980bcabcf57e0f1cb9182.jpg,7,0.537839,0.501113,0.572885,0.615431,0.905144
00001_00022_00001_png.rf.f68bab926df5c93b7a8baf9d168955d1.jpg,7,0.525839,0.523991,0.613405,0.552359,0.944271
00001_00023_00007_png.rf.f20610daefe32091399ce0ee1b9799f6.jpg,7,0.571945,0.571777,0.547353,0.599024,0.963508
00001_00025_00025_png.rf.9556a94e4da441bd05e548d86099c3c0.jpg,7,0.513962,0.511076,0.753648,0.78208,0.951285
00001_00028_00017_png.rf.ff6c0bf1f57a58c63e706c5a59b9b55e.jpg,7,0.521002,0.473467,0.680763,0.771552,0.951888
00001_00029_00011_png.rf.8778f18a5af227481b72a0bd897cb144.jpg,7,0.540421,0.532633,0.648239,0.652228,0.948652
00001_00030_00008_png.rf.f42a5ab100ba2300ff2ef3273198a629.jpg,7,0.531257,0.531733,0.552713,0.669567,0.955185
00001_00031_00011_png.rf.d92d0588e5bfd7f8ced37d558e0efd54.jpg,7,0.539961,0.494028,0.568277,0.594755,0.957419
00001_00032_00012_png.rf.e30cf3974f41a7316dff0477b7c4c589.jpg,7,0.504819,0.532885,0.668338,0.673701,0.948188
00001_00033_00010_png.rf.4b1b4602c3c04f4aa72ce1f952cce126.jpg,7,0.519739,0.512954,0.608689,0.607904,0.94918
00001_00033_00013_png.rf.7df949e59990e9dabfbc631176beada9.jpg,7,0.555677,0.560956,0.62778,0.644241,0.959181
00001_00035_00012_png.rf.ef688824fa8eae681376cbaa7708a2dd.jpg,7,0.534759,0.538453,0.626366,0.588606,0.943124
00001_00038_00012_png.rf.769276765c04567a8afdd2300298c7cb.jpg,7,0.495687,0.480878,0.573408,0.581317,0.95157
00001_00038_00013_png.rf.9bea2c6ade7591cafa7a3ee2d6447b63.jpg,7,0.51361,0.488119,0.586474,0.602285,0.962091
00001_00042_00000_png.rf.ac8cef49708d26776dd018e63c08ee29.jpg,7,0.518932,0.527708,0.559748,0.591572,0.958072
00001_00059_00004_png.rf.74b0bb0dc2200bf50c665e4b2017a9cf.jpg,7,0.540981,0.510006,0.626916,0.643728,0.952411
00001_00060_00007_png.rf.1bf10fd8b24b215fba58ab5975968559.jpg,7,0.50601,0.544098,0.670067,0.674034,0.939619
00001_00063_00003_png.rf.e87ae69015487ca78a229870bc3ed27f.jpg,7,0.573108,0.55884,0.582257,0.66019,0.945663
00001_00064_00019_png.rf.135e30aa3fe9209e095eb3ff5e304ebb.jpg,7,0.53081,0.493569,0.685755,0.717146,0.945753
00001_00065_00006_png.rf.161dc86f1aaaf56ceadeedb9920c11ec.jpg,7,0.560368,0.506189,0.62789,0.620175,0.935819
00001_00066_00015_png.rf.e1adfeb91011dcf5d548147d1acc30eb.jpg,7,0.491032,0.513731,0.748731,0.738824,0.948245
00001_00068_00007_png.rf.4bb41a90249c981be7a87239ef7d4288.jpg,7,0.483877,0.52097,0.578258,0.566116,0.948697
00002_00000_00005_png.rf.6a3d73b59a12500d97c5ad071900f3e8.jpg,9,0.529047,0.510521,0.620168,0.735177,0.941633
00002_00000_00008_png.rf.fef84220cd4e8886da3b88267904e21d.jpg,9,0.533141,0.50743,0.667271,0.762784,0.933717
00002_00000_00016_png.rf.5c98b3aeaa1ebc1ebc1afb2b2e8d9750.jpg,9,0.501139,0.518316,0.703793,0.794683,0.947122
00002_00004_00025_png.rf.088e01a14aec1e026c95b0b5ab8b08ec.jpg,9,0.515902,0.519178,0.791876,0.776824,0.9364
00002_00006_00028_png.rf.70f98b1fc1d0c548e37ffe7968c81a40.jpg,9,0.498484,0.526147,0.724288,0.783258,0.934674
00002_00007_00012_png.rf.cda4cec2b68cd6819ec43a7799d667a5.jpg,9,0.532687,0.516364,0.609252,0.666883,0.941327
00002_00010_00029_png.rf.526a5527eafd2cdc74e872afe9fb8276.jpg,9,0.487524,0.505996,0.763997,0.812487,0.939238
00002_00011_00028_png.rf.4b4e80fab739c206b44c9d195a2f08e0.jpg,9,0.503447,0.491052,0.693229,0.768339,0.936679
00002_00015_00017_png.rf.81a2cb9a7cc2d150109c3af756943d8e.jpg,9,0.501418,0.515286,0.730876,0.734758,0.934223
00002_00016_00002_png.rf.c2bf6b0c65f3f2b845d281aef33328e0.jpg,9,0.525278,0.538737,0.588311,0.626352,0.941746
00002_00017_00020_png.rf.1a27fc5910f7ff6cd9e5ecad10609fe4.jpg,9,0.518457,0.512373,0.697351,0.714167,0.947149
00002_00017_00026_png.rf.0e0c876d62e868e7b8bbea45c2854b90.jpg,9,0.503305,0.509223,0.768061,0.795236,0.937008
00002_00028_00013_png.rf.4c1b88702f75ba47a05c979c6a1a24af.jpg,9,0.531029,0.512511,0.637771,0.630054,0.948364
00002_00029_00020_png.rf.92b3fdd9df0a753fcf7dd9e098f54ca5.jpg,9,0.495353,0.512927,0.741173,0.731732,0.933465
00002_00032_00021_png.rf.45636f29d1c772fb421d516a9741145a.jpg,9,0.498894,0.540592,0.639189,0.667248,0.948064
00002_00057_00023_png.rf.c8c4e00edf84e93fdca59e89ca4480e8.jpg,9,0.510445,0.5176,0.774574,0.77121,0.940777
00002_00063_00008_png.rf.42b7f6b82f752ce45b8a4128928bea6b.jpg,9,0.539236,0.536781,0.565059,0.572954,0.930911
00002_00065_00004_png.rf.dd58840a036850f03da5f6bbdd1940d2.jpg,9,0.531408,0.544661,0.660426,0.725992,0.947747
00002_00065_00005_png.rf.f156b51c34d4fe59f4f1981ecab62ed0.jpg,9,0.52014,0.522835,0.666862,0.700872,0.94321
00003_00000_00008_png.rf.976bc2ecdc3e69167320fc22712ec43d.jpg,10,0.520949,0.486934,0.590745,0.606814,0.952935
00003_00002_00016_png.rf.f31757e4e66bdf3dd7c10888f14ba7c6.jpg,10,0.549229,0.50639,0.649491,0.69867,0.94127
00003_00002_00023_png.rf.4d47dbf061aedff7277a91be6a5bbc6b.jpg,10,0.534831,0.530483,0.743477,0.739711,0.927375
00003_00010_00012_png.rf.992b5dc958856171d8218c027b672b12.jpg,10,0.491132,0.499528,0.610808,0.613407,0.940111
00003_00014_00015_png.rf.4a4854b32d96279361db09f8b4d4bbcf.jpg,10,0.549128,0.536392,0.614463,0.636447,0.946385
00003_00019_00004_png.rf.0e5e854d48614cdc5bef09b4b3085a03.jpg,10,0.51418,0.508475,0.605209,0.577293,0.930225
00003_00026_00011_png.rf.33d98e9ee599a39d6f2b819682707a5a.jpg,10,0.533101,0.541914,0.566942,0.587098,0.945078
00003_00026_00022_png.rf.f67190b7724f3871c19569e098d5cc02.jpg,10,0.532462,0.509755,0.668977,0.696478,0.941404
00003_00027_00025_png.rf.4c1fd45a0b5f0f724237f83b7d47c499.jpg,10,0.537555,0.505577,0.743659,0.766473,0.927575
00003_00034_00015_png.rf.16921ba926f31008a26ba58d2337527f.jpg,10,0.504113,0.51263,0.665159,0.661299,0.93323
00003_00035_00028_png.rf.ee8da916ee92d6dc7e62eedaf09a79e4.jpg,10,0.508184,0.490111,0.765729,0.773031,0.932612
00003_00036_00017_png.rf.8ac2d0085877d733785436132fdc938e.jpg,10,0.516547,0.50492,0.67626,0.654116,0.930337
00003_00036_00017_png.rf.8ac2d0085877d733785436132fdc938e.jpg,11,0.776517,0.824806,0.446967,0.349644,0.507413
00003_00036_00028_png.rf.b1c4322c721873c9caa6ed9fd25eeb07.jpg,10,0.50573,0.494843,0.781762,0.798035,0.935732
00003_00036_00028_png.rf.b3b837a4ff3803383e94a13fe8fc748b.jpg,10,0.50573,0.494843,0.781762,0.798035,0.935732
00003_00038_00015_png.rf.68af73eb3c3267953582146c619d7c25.jpg,10,0.538487,0.499354,0.653254,0.667238,0.928775
00003_00038_00026_png.rf.a69d0576816db3c4d315d0dce5b99721.jpg,10,0.516822,0.508383,0.791532,0.805691,0.928509
00003_00040_00029_png.rf.7d37fc566ece4627cb04b2b8d32dc473.jpg,10,0.517211,0.512976,0.670363,0.662741,0.935639
00003_00042_00029_png.rf.d0d6dd339d2be42128efbae34d3f541a.jpg,10,0.498674,0.506517,0.739241,0.722584,0.938367
00003_00044_00003_png.rf.2b73723d27b25434c3de6ca04adbe574.jpg,10,0.544032,0.528886,0.492849,0.481114,0.941698
00003_00044_00011_png.rf.9f723b9e228efc8339bf51faa590a58e.jpg,10,0.548803,0.543298,0.560192,0.564056,0.939488
00003_00044_00013_png.rf.24a211df9596dccf36b448483be5f663.jpg,10,0.537727,0.511813,0.6053,0.615575,0.940959
00003_00044_00020_png.rf.dc91d31ec81c700753fe335f3fc42cf8.jpg,10,0.533082,0.515138,0.701486,0.694203,0.937037
00003_00045_00010_png.rf.1eb0ead62274ff3e76b12140d0f4399b.jpg,10,0.537308,0.537956,0.605886,0.597222,0.936278
00003_00045_00019_png.rf.3120c19400c889f8dfd507e2f6f16995.jpg,10,0.515559,0.519622,0.714691,0.707084,0.935348
00003_00046_00010_png.rf.891f75f30b9f3db0a566b63a5d08287f.jpg,10,0.524222,0.506067,0.60721,0.617851,0.949165
000041_jpg.rf.89c814e3db33e70112e3447d54bb42c6.jpg,7,0.538902,0.310734,0.264798,0.466259,0.957484
00004_00002_00014_png.rf.66ae4730024327a8ff79210c980a4667.jpg,11,0.513557,0.517403,0.682961,0.678291,0.933835
00004_00003_00014_png.rf.fbd79a43c27ae3464c7be84d785ed5e2.jpg,11,0.548371,0.514805,0.62979,0.596371,0.949052
00004_00004_00006_png.rf.779cd44893dd231e6e05b680dc9bef9a.jpg,11,0.501293,0.504619,0.671872,0.688401,0.947498
00004_00004_00006_png.rf.779cd44893dd231e6e05b680dc9bef9a.jpg,0,0.046309,0.760692,0.055434,0.028995,0.107579
00004_00004_00009_png.rf.fc4e5787fbeb0511656710884dc88284.jpg,11,0.532546,0.516044,0.667685,0.687628,0.940663
00004_00006_00002_png.rf.e126eb56f28cf1c98809239babe89334.jpg,11,0.524083,0.536331,0.564877,0.556444,0.945412
00004_00009_00021_png.rf.0f8628e061118cfeaad9228b32489e7c.jpg,11,0.490911,0.541082,0.666714,0.652864,0.947624
00004_00010_00020_png.rf.8985cbdd62ef877bd3b91429c517b515.jpg,11,0.528245,0.508317,0.690574,0.666636,0.940993
00004_00022_00020_png.rf.56c34e7fb6ec15747810e3706fb11e4a.jpg,11,0.522873,0.514959,0.594585,0.61242,0.951862
00004_00030_00003_png.rf.31ed58359e92300b61de2440b5f38d1a.jpg,11,0.542543,0.537528,0.545634,0.527053,0.938517
00004_00030_00010_png.rf.c35b9a70b784be1bcd6b28d9ac1e12f5.jpg,11,0.541208,0.501146,0.585062,0.584221,0.936427
00004_00032_00009_png.rf.ea892d563594cad9d6d9ae8e8c9e9780.jpg,11,0.518668,0.497397,0.598597,0.577952,0.943475
00004_00035_00005_png.rf.b222e7d3ff032a58afdfb10ad73d6911.jpg,11,0.527451,0.518738,0.545515,0.538046,0.948022
00004_00036_00014_png.rf.de499ca97d9e6307ab9f8e859dd43336.jpg,11,0.523467,0.515806,0.676332,0.681138,0.938
00004_00036_00029_png.rf.f55502d5bebf262101364b930e187143.jpg,11,0.508137,0.50724,0.804347,0.800211,0.934078
00004_00037_00007_png.rf.223e842f5027e61ac59e32979ca930d6.jpg,11,0.533535,0.516394,0.569792,0.552629,0.942393
00004_00038_00011_png.rf.e8a8cb47ee1d09d447e63dd630056862.jpg,11,0.503684,0.493989,0.543875,0.548065,0.947008
00004_00038_00016_png.rf.91ed21fee2978def3dd315ee735fc1c0.jpg,11,0.52529,0.491593,0.59033,0.618659,0.9502
00004_00038_00023_png.rf.d7f850098ec568f71506f85f920d6eb3.jpg,11,0.493466,0.514014,0.687785,0.69512,0.947281
00004_00039_00028_png.rf.b088fe4f42e92367b13ca2fe401844ac.jpg,11,0.517719,0.494881,0.765718,0.759341,0.936289
00004_00044_00016_png.rf.21f8e05be871f651648f89b58c3f20c7.jpg,11,0.530467,0.509925,0.675733,0.66651,0.937949
00004_00046_00013_png.rf.6c04ac5c1dc478a3d929f9f1446d90b0.jpg,11,0.515674,0.513129,0.653227,0.635075,0.952901
00004_00049_00008_png.rf.92e7b20cb3ae99c683fc6a1a09ce836b.jpg,11,0.53926,0.51003,0.569851,0.544568,0.946709
00004_00050_00020_png.rf.5b1bab0bf6b9284c2c1cffcbe35b12ed.jpg,11,0.499128,0.526428,0.615922,0.618229,0.953098
00004_00052_00006_png.rf.17e668414f18071d605e3327513528de.jpg,11,0.558782,0.54929,0.548274,0.516098,0.930908
00004_00052_00016_png.rf.bfe7cf72a069a7a4347a21a300041156.jpg,11,0.535016,0.502879,0.606763,0.600093,0.937535
00004_00059_00010_png.rf.501920c3ea0f3537120f7b2835fcdc82.jpg,11,0.507284,0.513723,0.609955,0.621645,0.952413
00004_00060_00021_png.rf.eb99d667b724b14132452c88d3674738.jpg,11,0.515264,0.527807,0.688172,0.683007,0.937443
00005_00000_00019_png.rf.fb70e266857ce9ceea9b772edb452ab4.jpg,12,0.529937,0.529379,0.671347,0.673739,0.946836
00005_00001_00016_png.rf.da02434245fde3214475aa75e6d4e2b6.jpg,12,0.516026,0.557357,0.564925,0.611352,0.949033
00005_00003_00012_png.rf.77d9df57d17122641644da65c80d2f0e.jpg,12,0.535908,0.54813,0.619175,0.646412,0.942596
00005_00004_00005_png.rf.53f4cde1da9ac0094d8c0d9fd968beb1.jpg,12,0.553978,0.539997,0.629318,0.604734,0.94729
00005_00012_00025_png.rf.f8b1c97fbb9d575b38ad20cb4fc6e3b3.jpg,12,0.514805,0.509067,0.77197,0.766871,0.947971
00005_00014_00005_png.rf.0e24dd3583d580dadb9d69e73a08e78c.jpg,12,0.493652,0.502814,0.572536,0.60566,0.948414
00005_00014_00017_png.rf.ed92831e745be7167ec08c3f6d416b7d.jpg,12,0.519409,0.494332,0.659738,0.684749,0.944694
00005_00016_00001_png.rf.fabe47d765e1b050e861dbb93b32167e.jpg,12,0.538689,0.543988,0.57097,0.572564,0.949893
00005_00044_00001_png.rf.b18c5a51d57be6cfa719c741ecba5d63.jpg,12,0.522772,0.519742,0.582456,0.63344,0.958869
00005_00056_00008_png.rf.ce009bd4c68dbecc1d8f76f80550034d.jpg,12,0.523058,0.535707,0.615466,0.62583,0.950633
00005_00056_00012_png.rf.1125a7436050023f0b75206acb088f2a.jpg,12,0.50121,0.526216,0.613861,0.615337,0.950346
000069_jpg.rf.24da8297fff40a7760a8751ac763b821.jpg,7,0.436731,0.453171,0.319742,0.496924,0.956895
000076_jpg.rf.0066537c077a3d460d354c5de1fef980.jpg,7,0.603267,0.436364,0.149244,0.201928,0.903781
000079_jpg.rf.4f001472f7893131e04b4bc151a1bbe6.jpg,7,0.481097,0.424621,0.439763,0.616777,0.956913
00007_00002_00021_png.rf.3e8282102bcbc3465886670d060ce78f.jpg,3,0.517594,0.525223,0.772727,0.780563,0.933994
00007_00016_00010_png.rf.06129e0dcd04b8601e57009dce36f893.jpg,3,0.52614,0.510166,0.644008,0.645168,0.938535
00007_00024_00027_png.rf.566faa37c8dd33d7cd4145572d744276.jpg,3,0.506671,0.516035,0.739092,0.724557,0.939794
00007_00027_00020_png.rf.1c1be801a97cd5152cb9bcceaf08f5cd.jpg,3,0.511008,0.510203,0.725107,0.706115,0.942458
00007_00028_00022_png.rf.6c2e0f03a47cf5fa2fabb3ecec47124a.jpg,3,0.538936,0.534865,0.705631,0.752427,0.942556
00007_00029_00014_png.rf.cc543e257165aa17476435f594aa76d1.jpg,3,0.528451,0.511449,0.655005,0.650062,0.940345
00007_00033_00014_png.rf.73a43aaa12af693eff052e2fb710db31.jpg,3,0.562276,0.517515,0.623691,0.650892,0.95579
00007_00040_00020_png.rf.845babcc2b4638d89980330cf6c5bcb2.jpg,3,0.51756,0.508814,0.639899,0.644476,0.951718
00007_00040_00027_png.rf.8479c71333ccd871fbed5311de8ceaf8.jpg,3,0.530923,0.518376,0.671679,0.677966,0.937771
00007_00041_00000_png.rf.45f1f53954863a0d12d1cd00c092939b.jpg,3,0.554104,0.541234,0.546025,0.565434,0.942941
00007_00041_00002_png.rf.02df629489fd7c902fdbd6c1dd2f78ae.jpg,3,0.545085,0.525405,0.555176,0.552431,0.941047
00007_00042_00000_png.rf.b6fa9ef6ce63f92b01992d4ea8d63f5a.jpg,3,0.505525,0.526976,0.580972,0.561767,0.881326
00007_00043_00010_png.rf.b292148f880510d6254fec1a3d3bed44.jpg,3,0.512554,0.521513,0.608323,0.609328,0.957696
000080_jpg.rf.254656b428b79e343e536f6ee51a24fc.jpg,7,0.739825,0.374683,0.348634,0.489625,0.959022
000086_jpg.rf.b654137b1cae075367f483dd2b5bac85.jpg,7,0.319868,0.489527,0.432942,0.60175,0.948773
00008_00003_00002_png.rf.70816dfa48b29ed84d1abcb9bb09bf70.jpg,5,0.573466,0.544327,0.52836,0.521668,0.941431
00008_00004_00016_png.rf.3ba26e964ab9827715594ec40609937e.jpg,5,0.521329,0.523243,0.659883,0.699189,0.940548
00008_00005_00014_png.rf.31eccab502c0a10e9e32f0718618105e.jpg,5,0.520622,0.511336,0.683324,0.661829,0.947935
00008_00006_00026_png.rf.cb433297defc6e2a91fd89685c39f39f.jpg,5,0.516943,0.542558,0.690213,0.713773,0.950242
00008_00007_00009_png.rf.8289199643586993b107ff888e950eab.jpg,5,0.587927,0.523098,0.582266,0.583826,0.934388
00008_00007_00010_png.rf.d2dc382f864442f6d8551cc9f41e0bc7.jpg,5,0.563513,0.522409,0.585958,0.587891,0.941462
00008_00009_00012_png.rf.fa47f1ade7b6ffafc8c23e106e4ec0a9.jpg,5,0.521239,0.516498,0.577653,0.581264,0.939876
00008_00011_00006_png.rf.416887ff8fd6e24fc585ce1838c632a4.jpg,5,0.50491,0.542054,0.543062,0.560974,0.948838
00008_00012_00022_png.rf.a76810c64a1c1a3def5cc808bb562890.jpg,5,0.521923,0.510579,0.714104,0.720396,0.937378
00008_00014_00012_png.rf.a62ba5f792b061df92e0177a04931c7b.jpg,5,0.509068,0.529951,0.645796,0.608583,0.934869
00008_00019_00004_png.rf.b716b893116e783e1bd33e79d972b5ae.jpg,5,0.540925,0.542332,0.562122,0.588062,0.950636
00008_00020_00007_png.rf.956ee64b06ed8ea4354a07ebb0c979a1.jpg,5,0.539489,0.532916,0.561668,0.573753,0.947091
00008_00020_00015_png.rf.1815b3c75c86dd9d26141470c0c8542b.jpg,5,0.523178,0.518683,0.519855,0.535172,0.94754
00008_00034_00008_png.rf.811d6bdaab24c4e03281dd023835def5.jpg,5,0.537044,0.500854,0.589075,0.570269,0.950613
00008_00043_00018_png.rf.cb403d912587a88325e095df6ab3f1df.jpg,5,0.531577,0.549747,0.644352,0.683069,0.95029
00008_00045_00006_png.rf.04585cc625839dc38c94a4357ec9d19c.jpg,5,0.525515,0.517093,0.607453,0.640751,0.949387
00008_00046_00015_png.rf.fca28beca2d7c7a733ca865755be6dbc.jpg,5,0.530342,0.51124,0.651257,0.662698,0.951624
000091_jpg.rf.9762d3529d876b77e9d99aa8027e449c.jpg,7,0.470566,0.506638,0.535878,0.773965,0.956514
000099_jpg.rf.cc64c31e94947e188ec07796f1f590a2.jpg,7,0.653866,0.405785,0.433896,0.778969,0.963643
000100_jpg.rf.8948ed8c132dae637b8dde18d0c5be7b.jpg,9,0.72315,0.223977,0.162763,0.211716,0.926192
000117_jpg.rf.c63f6b715b912a6e219500db2c4dd6fc.jpg,9,0.393378,0.450785,0.292075,0.195372,0.933934
000121_jpg.rf.c26ea4c0be18ece889414f12976c49f2.jpg,9,0.502717,0.251291,0.235413,0.346731,0.932084
000129_jpg.rf.549b104a7fd5f8171f046d77ca7ddae7.jpg,9,0.648604,0.535279,0.530459,0.556281,0.952006
000130_jpg.rf.21da097324e3450bb8ab634399961e84.jpg,9,0.490168,0.368782,0.247655,0.153732,0.911765
000132_jpg.rf.6da2ad3a8754fb97cfa5a54b1fa794dd.jpg,9,0.357759,0.296848,0.217789,0.193371,0.924403
000145_jpg.rf.e37be0ff8c6d10e897956e8599346f71.jpg,9,0.498035,0.381763,0.796748,0.497091,0.945073
000147_jpg.rf.bca55a14814a6d3a2554145932eb5490.jpg,9,0.51671,0.153284,0.377319,0.155796,0.931233
00014_00001_00006_png.rf.98b02c00237d76518ece14a1bdc194e9.jpg,14,0.513826,0.510637,0.640626,0.656342,0.932658
00014_00001_00009_png.rf.e13fd9f6dce4c523d54929047f528a21.jpg,14,0.515966,0.518913,0.682632,0.693633,0.948784
00014_00001_00011_png.rf.3484d601f5012f5329eece492b0e69fa.jpg,14,0.529006,0.526563,0.689969,0.744351,0.951771
00014_00001_00019_png.rf.b23da2fc3bd75fcd44441c5f1e724952.jpg,14,0.518718,0.513252,0.788686,0.805534,0.950993
00014_00002_00029_png.rf.39fe8d27d845bd7b01172c8fe6e4f766.jpg,14,0.511479,0.505045,0.777513,0.795406,0.94204
00014_00003_00001_png.rf.54c82cd619fe6dfe68ff0e9d0de201bd.jpg,14,0.52983,0.513376,0.679733,0.710395,0.953566
00014_00003_00007_png.rf.4a4b5bfabfe079ec34b2bf1142a0461b.jpg,14,0.519993,0.488289,0.740264,0.771783,0.94447
00014_00003_00009_png.rf.1e49e9f368c48bc8051b5d9f131171c3.jpg,14,0.536462,0.509539,0.728852,0.779469,0.930877
00014_00004_00010_png.rf.d35020e5fb797eed8b025b0dca4fe434.jpg,14,0.516452,0.536098,0.737854,0.722304,0.945878
00014_00004_00020_png.rf.e3b35f3ca153fde99af4db4a67d2a564.jpg,14,0.511031,0.515829,0.791568,0.786794,0.942506
00014_00005_00004_png.rf.a5fc79eb6e949f3b096df8ccc70d188f.jpg,14,0.519562,0.5258,0.759618,0.779922,0.95292
00014_00005_00025_png.rf.297d8a9543fcea575965086bb06f4890.jpg,14,0.513,0.517749,0.805837,0.815715,0.939903
00014_00006_00015_png.rf.5cb649de18ff690e33a86445aca080dd.jpg,14,0.528597,0.528373,0.718009,0.738267,0.939284
00014_00007_00002_png.rf.280a89db2cae24714734ae7f443731ba.jpg,14,0.517106,0.516269,0.607552,0.608186,0.94607
00014_00007_00006_png.rf.d3261be1ac6d7605e46470fb8e4940f4.jpg,14,0.515754,0.513113,0.64841,0.661427,0.9404
00014_00007_00013_png.rf.bd8b36832e03b17e904c7a1a33f8937e.jpg,14,0.529927,0.526459,0.732811,0.757933,0.937452
00014_00008_00004_png.rf.ce893afcdfcca67343de52c60d510a98.jpg,14,0.541496,0.542413,0.608502,0.66796,0.946248
00014_00008_00013_png.rf.a9f7b30283b689f1a5808560a69c0f7c.jpg,14,0.507343,0.528032,0.672063,0.705182,0.936613
00014_00008_00028_png.rf.41dc94b1892472b66d391791d753bb84.jpg,14,0.503789,0.502703,0.813118,0.779176,0.945682
00014_00009_00009_png.rf.b4d1b6a8d582e147ba85747dd85cc451.jpg,14,0.535663,0.520957,0.639046,0.640862,0.938939
00014_00009_00014_png.rf.5998ff1f31bd52e787eaa23bb04f06d2.jpg,14,0.516765,0.512481,0.736817,0.746241,0.939966
00014_00009_00022_png.rf.c59286af8197704e8e88c3efdbf7b9d5.jpg,14,0.522406,0.504334,0.799022,0.817911,0.947895
00014_00010_00014_png.rf.3f9712dbd32c574c45bf9dbb8517dd9f.jpg,14,0.52132,0.534069,0.782534,0.779272,0.941561
00014_00010_00017_png.rf.10f5ad5e297030721e4521481f8ca702.jpg,14,0.512024,0.513417,0.770839,0.773033,0.947287
00014_00011_00027_png.rf.c81a4600612fc1eb5cc21661de7ef62b.jpg,14,0.503133,0.500161,0.780089,0.78474,0.934488
00014_00012_00028_png.rf.7e4a7979b1766d76ca5628991607b48c.jpg,14,0.521749,0.515376,0.780546,0.786237,0.941767
00014_00013_00000_png.rf.230606f2f715a2bde5a237acafa3604b.jpg,14,0.509911,0.578686,0.662988,0.491227,0.787271
00014_00013_00001_png.rf.e01f34bee93788d71a9ca127de49b201.jpg,14,0.493469,0.518216,0.598982,0.550355,0.936399
00014_00013_00003_png.rf.774d46f2b5700aec9e78f1959fd3030f.jpg,14,0.507979,0.540196,0.60928,0.621233,0.949243
00014_00022_00002_png.rf.067f3be88afec79842f718b26732c307.jpg,14,0.52471,0.509237,0.637763,0.674015,0.935497
00014_00023_00018_png.rf.7f4df748842e9a2b90d343c5612ff812.jpg,14,0.51856,0.512983,0.76834,0.755958,0.941439
00014_00024_00018_png.rf.1b7a484113cbc1f29d56a8f50156948a.jpg,14,0.523599,0.529833,0.748422,0.730455,0.940539
000163_jpg.rf.55c9537881a01c071eb6c3b46008b884.jpg,9,0.18874,0.143656,0.331659,0.274875,0.950985
000166_jpg.rf.f37d1c743a28243f0e0f2482f2a67290.jpg,9,0.500299,0.479227,0.354838,0.631038,0.950455
000174_jpg.rf.4f68fb9dc24d6b51af78e847b1e30c10.jpg,9,0.603028,0.393719,0.277546,0.415159,0.940683
000175_jpg.rf.3690880bd7e62c2260306322a3762cc7.jpg,9,0.60448,0.401416,0.276697,0.422664,0.941188
000178_jpg.rf.0b4d8766b1bfcd897098e2f8b9bbe5d1.jpg,9,0.481517,0.508263,0.767334,0.535085,0.951815
000191_jpg.rf.055356915ad47ae7e1c0ded839d6c748.jpg,9,0.687742,0.417295,0.3567,0.50521,0.961319
000193_jpg.rf.334b364417849eb38db4d2275dc85838.jpg,9,0.502771,0.34873,0.673143,0.444714,0.944561
000198_jpg.rf.9f156753fda46dd6fe9848a1440afd1b.jpg,9,0.410072,0.459339,0.248105,0.37663,0.934309
000202_jpg.rf.7b9c03e897bab9b7a170deae87d31266.jpg,8,0.450712,0.236294,0.341717,0.199179,0.94165
000204_jpg.rf.0ea9da72e384254681f268a305a35eb6.jpg,8,0.453404,0.499657,0.45057,0.556565,0.949279
000216_jpg.rf.ba4ecb747ec69d54c3a1690dcf5f5b3a.jpg,8,0.46937,0.276801,0.394824,0.228442,0.952766
000220_jpg.rf.07bc310baa1bbe3fe3ba7117b874ff64.jpg,8,0.516438,0.365545,0.395012,0.251753,0.94764
000223_jpg.rf.dbc866e5b7c69cf418e6bcca0e66e50b.jpg,8,0.646662,0.442688,0.57147,0.743869,0.951031
000231_jpg.rf.71b28020e16b2c6b5aa86d24726609c8.jpg,8,0.501927,0.781934,0.206023,0.137672,0.89398
000238_jpg.rf.dd14162743767963400cffffaea73ac9.jpg,8,0.644801,0.487751,0.588801,0.944774,0.945103
000239_jpg.rf.9c2470be6d2e5443f4db1ababb992587.jpg,8,0.51837,0.347358,0.558863,0.418781,0.947305
000257_jpg.rf.6f63b8fd63b0d875247ba0e3d776bd4f.jpg,8,0.2626,0.215411,0.424561,0.272041,0.945184
000261_jpg.rf.7c97ab6d968e742c9cc124edd2630e3c.jpg,8,0.499705,0.256839,0.44029,0.288528,0.937529
000267_jpg.rf.45d318ba9ef48ae9327bb408eb24438e.jpg,8,0.670329,0.499369,0.283365,0.173742,0.924397
000282_jpg.rf.26ad0708d13674c6d8cfce6f6bd40cdb.jpg,8,0.493381,0.481341,0.871209,0.549296,0.952701
000286_jpg.rf.48a1be45c5db5656f2bacf687164c529.jpg,11,0.377711,0.478808,0.453424,0.845197,0.939072
000287_jpg.rf.a4143ed52df9779f0f27104daf6a8762.jpg,14,0.338564,0.471624,0.421705,0.529164,0.957564
000287_jpg.rf.a4143ed52df9779f0f27104daf6a8762.jpg,8,0.761095,0.35355,0.266233,0.338992,0.938361
000288_jpg.rf.2764018cfc726e02916e1739c8f35b5e.jpg,8,0.482603,0.66304,0.450371,0.27871,0.941341
000289_jpg.rf.5bcff3507297a43a567fd64d593fd533.jpg,8,0.494524,0.273737,0.485104,0.308506,0.94131
000295_jpg.rf.3940d624bf6e15926480dad000dd8fa4.jpg,8,0.532391,0.716419,0.502812,0.342957,0.950022
000300_jpg.rf.5013849426466f43fb71333c9d7e208b.jpg,10,0.292034,0.672714,0.240496,0.385242,0.941596
000336_jpg.rf.be0bfe39579236b8f1710a54065f106c.jpg,3,0.845174,0.273321,0.183036,0.284916,0.582
000338_jpg.rf.69f491edc3091d390af673d2da54e080.jpg,10,0.23843,0.158906,0.067411,0.135269,0.94177
000344_jpg.rf.86a946abb84be97bc833636b8b47b779.jpg,10,0.218656,0.443274,0.238807,0.352936,0.941978
000359_jpg.rf.767bed64e2ff0d34ec7b1db1d0e6c398.jpg,10,0.660318,0.41695,0.320907,0.493475,0.94856
000361_jpg.rf.373518288e417cc551b309d3533c6d0f.jpg,10,0.667278,0.44431,0.35033,0.506389,0.954011
000380_jpg.rf.7216ac7b95b9137ab398250ae08e026c.jpg,10,0.551905,0.445036,0.166466,0.27212,0.93208
000383_jpg.rf.070efbd57b6f1e61ece84acca33ec797.jpg,9,0.598383,0.432964,0.153919,0.226562,0.903889
000384_jpg.rf.0bd20cbc913cf806be9769b408f6e5d6.jpg,10,0.376353,0.347904,0.096168,0.123155,0.931159
000412_jpg.rf.4201db338b39b5c120994db37fbf058f.jpg,7,0.638034,0.423204,0.496053,0.643353,0.962671
000443_jpg.rf.a212d740b71445278e52aec90cdd3e47.jpg,7,0.61248,0.309961,0.259682,0.383168,0.946062
000446_jpg.rf.6c9f95ad6ab51802829691fd907953e2.jpg,7,0.643805,0.488261,0.438442,0.630523,0.95835
000464_jpg.rf.e5b8f6d9c318c1ad7e34ee049bd64988.jpg,11,0.317403,0.284171,0.283055,0.529519,0.940959
000466_jpg.rf.f609fd155d77826a456bb83ec2fba973.jpg,11,0.502534,0.44553,0.339795,0.201022,0.934641
000475_jpg.rf.b44fe1a1d53315f7ff81d3bea0277189.jpg,11,0.587381,0.211908,0.287832,0.343839,0.935868
000478_jpg.rf.ea1348c002d93944315cd4db7cccc0ed.jpg,11,0.67823,0.35331,0.189128,0.29664,0.923082
000485_jpg.rf.af7e94cba40a41c54db6ce2495de5789.jpg,11,0.520713,0.642582,0.156453,0.217147,0.916845
000488_jpg.rf.39fb3e780926eca95137e27b755f19af.jpg,11,0.68632,0.6429,0.364385,0.23235,0.936832
000495_jpg.rf.62cc333852734fdf12c38fb00d5a8273.jpg,11,0.227509,0.512533,0.27479,0.437509,0.94045
000500_jpg.rf.b742528d52c611a0eb6f2d0453a3c81a.jpg,11,0.822664,0.439973,0.091257,0.130972,0.876675
000507_jpg.rf.cef3041f8b255c4cea0070fe8e2c04e4.jpg,11,0.67117,0.344387,0.340486,0.264152,0.923677
000512_jpg.rf.e2e180ced9b44c98c59556fef04838bd.jpg,11,0.381646,0.471628,0.571755,0.70404,0.953807
000512_jpg.rf.e2e180ced9b44c98c59556fef04838bd.jpg,11,0.832797,0.19807,0.20039,0.248503,0.937036
000514_jpg.rf.b0d6f6a9a9a1c36ac223b9185a3cfed6.jpg,11,0.7151,0.263184,0.079125,0.109257,0.716868
000514_jpg.rf.b0d6f6a9a9a1c36ac223b9185a3cfed6.jpg,0,0.668946,0.029277,0.567071,0.058529,0.110839
000534_jpg.rf.fc7a9c184c96044637a59a8abbc842d2.jpg,11,0.80948,0.463196,0.131717,0.178729,0.973828
000558_jpg.rf.40c69cee11121c32100bc0ec9dc29849.jpg,12,0.792075,0.35625,0.319786,0.387329,0.940778
000566_jpg.rf.85d938d7ad9b91799d8732111b98cc79.jpg,12,0.398408,0.225714,0.178877,0.282332,0.921824
000566_jpg.rf.85d938d7ad9b91799d8732111b98cc79.jpg,0,0.579616,0.662018,0.021786,0.067459,0.394912
000566_jpg.rf.85d938d7ad9b91799d8732111b98cc79.jpg,1,0.579902,0.662967,0.022345,0.067014,0.235178
000592_jpg.rf.7264e25a590f878fcb39467d550219de.jpg,12,0.717447,0.38014,0.490514,0.760281,0.942362
000595_jpg.rf.5b549a5e1f209899e21445383698e00d.jpg,12,0.698733,0.688077,0.393683,0.598792,0.950808
000596_jpg.rf.eb635457db0d42d1d585000296f83145.jpg,12,0.781317,0.389417,0.39109,0.70832,0.93349
000599_jpg.rf.87f4886233a457df94743a34ee410218.jpg,12,0.809915,0.245615,0.306955,0.465882,0.94796
000626_jpg.rf.844a2fbefbe88499e977a640a50441c8.jpg,12,0.509559,0.250485,0.203202,0.376485,0.933957
000629_jpg.rf.7fc79b6ca0f85116dc5588dd6869900c.jpg,12,0.449454,0.341279,0.449353,0.311154,0.950559
000635_jpg.rf.add3c9544fc93e8ad88fcb67fbb714cb.jpg,12,0.493907,0.164055,0.105388,0.141881,0.898244
000644_jpg.rf.e150fedf356c73b528bb6943f267e094.jpg,12,0.374183,0.21232,0.337654,0.211743,0.935617
000649_jpg.rf.f86b7d2974091d1956dedec6e79cbf61.jpg,12,0.278304,0.166526,0.115433,0.161534,0.939981
000652_jpg.rf.2d13be3464e928dde8d4e3a7ed638236.jpg,12,0.63582,0.531835,0.076231,0.120676,0.909986
000654_jpg.rf.d267c50f2def671a3af6c7816a990548.jpg,12,0.453265,0.371729,0.179336,0.283601,0.915759
000656_jpg.rf.2bfcb3a401a6cd59986f442316903cca.jpg,12,0.849244,0.344419,0.224671,0.229849,0.926938
000658_jpg.rf.305458475fd66b31a8b2796cceb9f511.jpg,12,0.564276,0.453499,0.129417,0.187587,0.88139
000664_jpg.rf.882fdd90b90c7f1af1fc37a7467443cf.jpg,12,0.231086,0.72816,0.237744,0.305793,0.945089
000664_jpg.rf.882fdd90b90c7f1af1fc37a7467443cf.jpg,9,0.239324,0.334946,0.240194,0.315502,0.944021
000670_jpg.rf.9b82f265d8e858e1ac239f550bb09315.jpg,12,0.788826,0.255216,0.25475,0.364499,0.936916
000680_jpg.rf.10f9a8b0c68fd4c3a3f991673e8be240.jpg,12,0.78697,0.319748,0.31319,0.40342,0.940213
000684_jpg.rf.da8d58e5754b48f640c2521ce190912e.jpg,12,0.375216,0.453306,0.579576,0.72314,0.950956
000684_jpg.rf.da8d58e5754b48f640c2521ce190912e.jpg,12,0.831834,0.191757,0.204904,0.25361,0.937209
000689_jpg.rf.e7eb671b04e54cabccbc491dc3087e13.jpg,12,0.50069,0.492467,0.326324,0.583568,0.930803
000695_jpg.rf.5433ef9bdff69bb898a98f69af622064.jpg,12,0.222005,0.323406,0.199181,0.293612,0.92552
000700_jpg.rf.4abc8faa3c8f0970d53095fa9218cf8a.jpg,13,0.911158,0.548913,0.079734,0.125078,0.947834
000703_jpg.rf.2999e1a86a880c30b97644b227648d36.jpg,13,0.500204,0.37349,0.503166,0.575065,0.950315
000711_jpg.rf.0a584e00809f5da1be911472ba1f8e7b.jpg,13,0.919899,0.59651,0.062375,0.11077,0.923917
000711_jpg.rf.0a584e00809f5da1be911472ba1f8e7b.jpg,13,0.078947,0.553564,0.042075,0.071042,0.849747
000713_jpg.rf.ea540b12ec46dd3f2dad786ab321c3a3.jpg,7,0.5267,0.456512,0.318535,0.241043,0.936392
000722_jpg.rf.9bee48a5dc22112fb5a705192fd54d45.jpg,8,0.503095,0.626242,0.157898,0.198058,0.913528
000729_jpg.rf.7b1a28094ac79f94f38e0ca9d4037037.jpg,12,0.861146,0.240728,0.264327,0.418137,0.940121
000735_jpg.rf.8927d1a7914f3b404d59d7afb8238ce4.jpg,13,0.540099,0.286769,0.206322,0.362824,0.957376
000736_jpg.rf.228d17ea85d8e4b2f1fd5a1fec7582d9.jpg,13,0.445519,0.252905,0.245959,0.160786,0.932751
000736_jpg.rf.228d17ea85d8e4b2f1fd5a1fec7582d9.jpg,11,0.452217,0.418029,0.247227,0.149776,0.411525
000741_jpg.rf.48077831b42aa2a01691cd30be5da048.jpg,13,0.674121,0.331721,0.392944,0.663129,0.952605
000753_jpg.rf.23d05489386c3399c5d26ac779015d26.jpg,13,0.648759,0.736576,0.103309,0.158332,0.917374
000762_jpg.rf.ea6102293c9b38d9f90158f1a4cc33f7.jpg,13,0.680246,0.408898,0.212605,0.263626,0.93873
000763_jpg.rf.6018d10dd3889ec0579a386c052fb6ff.jpg,13,0.461436,0.32112,0.083673,0.153058,0.940294
000769_jpg.rf.1df4a76b3e7055f19fd63f71a3d4ab3f.jpg,13,0.78621,0.495806,0.268998,0.21165,0.956598
000783_jpg.rf.0f12070feb6f7bc91c48aa93a65d2e93.jpg,13,0.649985,0.265566,0.249745,0.45504,0.96199
000786_jpg.rf.60798d12643d9be450731115c76bd86c.jpg,13,0.787528,0.100494,0.132512,0.132998,0.863797
000790_jpg.rf.ddb1d679830f7cafbcbec2013a6ff2fc.jpg,13,0.767455,0.092381,0.229517,0.16948,0.940341
000792_jpg.rf.3899b0ef3229b4f18a7954698cc40c92.jpg,0,0.368326,0.236326,0.017089,0.06759,0.790155
000792_jpg.rf.3899b0ef3229b4f18a7954698cc40c92.jpg,1,0.34158,0.236659,0.015777,0.068325,0.583049
000792_jpg.rf.3899b0ef3229b4f18a7954698cc40c92.jpg,1,0.212585,0.535146,0.024323,0.08082,0.532655
000792_jpg.rf.3899b0ef3229b4f18a7954698cc40c92.jpg,0,0.601157,0.260917,0.014578,0.05676,0.204782
000797_jpg.rf.3d78d9d11140e03357ddde30e7e7e98e.jpg,7,0.520481,0.463627,0.32849,0.587469,0.955196
000808_jpg.rf.8007590175a593bc5b4408a31ade3f3a.jpg,0,0.545523,0.236483,0.016319,0.065026,0.733127
000808_jpg.rf.8007590175a593bc5b4408a31ade3f3a.jpg,0,0.363029,0.249677,0.016515,0.067342,0.368755
000809_jpg.rf.dcd99922c592f3b634ddb443bf40dce1.jpg,1,0.551048,0.129117,0.019993,0.089757,0.786352
000809_jpg.rf.dcd99922c592f3b634ddb443bf40dce1.jpg,1,0.337571,0.153114,0.02208,0.094262,0.614677
000809_jpg.rf.dcd99922c592f3b634ddb443bf40dce1.jpg,7,0.576583,0.135695,0.027948,0.056967,0.260236
000809_jpg.rf.dcd99922c592f3b634ddb443bf40dce1.jpg,8,0.576591,0.135999,0.027267,0.05832,0.151636
000809_jpg.rf.dcd99922c592f3b634ddb443bf40dce1.jpg,1,0.833243,0.279272,0.019213,0.063373,0.142575
000809_jpg.rf.dcd99922c592f3b634ddb443bf40dce1.jpg,8,0.628779,0.299787,0.025754,0.046108,0.138929
000811_jpg.rf.142d78a345147dc179446aa8ec1191ce.jpg,1,0.305006,0.287527,0.014091,0.054178,0.742521
000811_jpg.rf.142d78a345147dc179446aa8ec1191ce.jpg,1,0.501545,0.283836,0.015621,0.05577,0.473332
000811_jpg.rf.142d78a345147dc179446aa8ec1191ce.jpg,9,0.476626,0.286008,0.015981,0.035249,0.117191
000815_jpg.rf.29afabe5f464c19bf77856ba5a90bd1e.jpg,8,0.642933,0.574847,0.212435,0.30809,0.932664
000822_jpg.rf.63b8e6ec737487b4e7e9e2ed48754226.jpg,13,0.648197,0.736293,0.103908,0.159698,0.919819
000825_jpg.rf.dd850d3ac847bd61179c2191ebc02b37.jpg,1,0.311079,0.263661,0.011884,0.046208,0.504723
000825_jpg.rf.dd850d3ac847bd61179c2191ebc02b37.jpg,1,0.284161,0.262534,0.011069,0.04681,0.388467
000825_jpg.rf.dd850d3ac847bd61179c2191ebc02b37.jpg,1,0.617374,0.249993,0.009385,0.029182,0.161245
000831_jpg.rf.09392428bf69f0de8c937caec3590319.jpg,7,0.506647,0.385574,0.085026,0.16957,0.934698
000831_jpg.rf.09392428bf69f0de8c937caec3590319.jpg,9,0.506335,0.165849,0.083588,0.168812,0.119443
000833_jpg.rf.a774fb7c4620c050e43d66a0062137af.jpg,11,0.738603,0.445504,0.074281,0.154711,0.95895
000836_jpg.rf.c262dc2f875c2d27c5358091bec7f23c.jpg,13,0.880142,0.133712,0.138701,0.2602,0.93427
000841_jpg.rf.82ac37a263cc3771094f878f75519d3c.jpg,7,0.711245,0.612416,0.282742,0.421885,0.94247
000854_JPG_jpg.rf.c2dbb2abedf6e49d74effc7a8945ed99.jpg,0,0.835761,0.305903,0.080806,0.038682,0.832988
000854_JPG_jpg.rf.c2dbb2abedf6e49d74effc7a8945ed99.jpg,0,0.038523,0.417207,0.077046,0.038443,0.806271
000854_JPG_jpg.rf.c2dbb2abedf6e49d74effc7a8945ed99.jpg,0,0.553941,0.571064,0.020218,0.015882,0.392003
000860_jpg.rf.96ab0958df78e7af07071f6d1dd7b6e6.jpg,1,0.257981,0.221239,0.012694,0.05731,0.54501
000860_jpg.rf.96ab0958df78e7af07071f6d1dd7b6e6.jpg,1,0.720677,0.210404,0.013584,0.055977,0.492063
000860_jpg.rf.96ab0958df78e7af07071f6d1dd7b6e6.jpg,1,0.292799,0.22027,0.012964,0.058612,0.216952
000860_jpg.rf.96ab0958df78e7af07071f6d1dd7b6e6.jpg,1,0.687363,0.209811,0.013816,0.053478,0.129978
000866_JPG_jpg.rf.585d575b53d2e6e316c8abb2d07e4c17.jpg,0,0.369006,0.286406,0.10469,0.04935,0.796333
000867_JPG_jpg.rf.0961b153fd2cdd7f71455ca70b9226fc.jpg,0,0.372025,0.117374,0.140097,0.057649,0.8395
000872_JPG_jpg.rf.618811525dae8c1799c5093046e551c5.jpg,0,0.523634,0.210627,0.088293,0.045098,0.808062
000872_JPG_jpg.rf.618811525dae8c1799c5093046e551c5.jpg,0,0.414163,0.380729,0.039039,0.01847,0.65367
000872_JPG_jpg.rf.618811525dae8c1799c5093046e551c5.jpg,0,0.201661,0.404361,0.036677,0.02459,0.496939
000883_JPG_jpg.rf.bcfbe7999ec1b4e660a155e0e145e234.jpg,0,0.301413,0.220937,0.082733,0.047774,0.855374
000887_jpg.rf.307baae87436b41df5a8a47635940201.jpg,1,0.330884,0.245616,0.013383,0.05486,0.697646
000887_jpg.rf.307baae87436b41df5a8a47635940201.jpg,1,0.51223,0.222082,0.013532,0.055868,0.622165
000897_JPG_jpg.rf.d8616645e7ae5a674caf3f2e17dab345.jpg,0,0.499775,0.155973,0.144829,0.072622,0.875032
000898_JPG_jpg.rf.89de33253d01e0308735dc746aa4977f.jpg,0,0.480386,0.276121,0.072021,0.032168,0.836141
000898_JPG_jpg.rf.89de33253d01e0308735dc746aa4977f.jpg,1,0.34545,0.111098,0.138287,0.052848,0.201257
000899_JPG_jpg.rf.44b9967b6405c6ad4f9ad7dfa2ad610d.jpg,0,0.651246,0.313284,0.102305,0.043749,0.890352
000899_JPG_jpg.rf.44b9967b6405c6ad4f9ad7dfa2ad610d.jpg,0,0.221795,0.551577,0.023274,0.015258,0.171492
000902_jpg.rf.f1be11af53a854bf0f07539ef71bfab7.jpg,1,0.538533,0.217042,0.011876,0.048218,0.758941
000902_jpg.rf.f1be11af53a854bf0f07539ef71bfab7.jpg,1,0.523261,0.216128,0.012284,0.046978,0.6171
000908_JPG_jpg.rf.d4876c6a6657b36ba6b1c1626df8123d.jpg,0,0.200479,0.161316,0.097649,0.056704,0.862196
000922_JPG_jpg.rf.143f5b1a97d934ec4a71114055fa5a0b.jpg,0,0.533707,0.15081,0.254501,0.08104,0.942693
000922_JPG_jpg.rf.143f5b1a97d934ec4a71114055fa5a0b.jpg,0,0.630547,0.732538,0.028351,0.02068,0.184761
000923_JPG_jpg.rf.f4e893778e08329a2b43abaef002f29e.jpg,0,0.310086,0.249765,0.0771,0.04678,0.817221
000934_JPG_jpg.rf.81031f117e2b4ac8b19c0cbe3bdd1d99.jpg,0,0.390755,0.162494,0.12112,0.055704,0.834018
000934_JPG_jpg.rf.81031f117e2b4ac8b19c0cbe3bdd1d99.jpg,0,0.624877,0.483677,0.04215,0.023034,0.735532
000935_jpg.rf.a73778e8e15369b4706431ac25671fb4.jpg,0,0.504354,0.312394,0.010796,0.037864,0.43023
000935_jpg.rf.a73778e8e15369b4706431ac25671fb4.jpg,0,0.530904,0.306265,0.011233,0.047387,0.385193
000936_jpg.rf.66c50dea6603f9ecc83f8b79c88a2f54.jpg,1,0.633061,0.956179,0.016707,0.07326,0.764304
000936_jpg.rf.66c50dea6603f9ecc83f8b79c88a2f54.jpg,1,0.5926,0.958985,0.015002,0.076718,0.748484
000936_jpg.rf.66c50dea6603f9ecc83f8b79c88a2f54.jpg,8,0.658086,0.947481,0.023118,0.047327,0.153145
000936_jpg.rf.66c50dea6603f9ecc83f8b79c88a2f54.jpg,8,0.613622,0.951951,0.019984,0.052946,0.151975
000938_JPG_jpg.rf.bf51e9c0b4a1d133c3e73bf56c2d2062.jpg,0,0.362962,0.193564,0.117734,0.065037,0.872799
000941_JPG_jpg.rf.9afc696caf8c7db27bf2134dd5660a27.jpg,0,0.366388,0.179206,0.106348,0.05583,0.864908
000941_JPG_jpg.rf.9afc696caf8c7db27bf2134dd5660a27.jpg,0,0.194224,0.316054,0.071573,0.036888,0.827389
000944_JPG_jpg.rf.a0b81118199b4d11ccb859c15d0cb1f6.jpg,0,0.291787,0.102272,0.156959,0.071599,0.88615
000944_JPG_jpg.rf.a0b81118199b4d11ccb859c15d0cb1f6.jpg,0,0.448792,0.381849,0.079068,0.034528,0.847416
000944_JPG_jpg.rf.a0b81118199b4d11ccb859c15d0cb1f6.jpg,0,0.64491,0.523787,0.040525,0.017425,0.62417
000944_JPG_jpg.rf.a0b81118199b4d11ccb859c15d0cb1f6.jpg,0,0.483877,0.44353,0.08832,0.025232,0.292774
000945_JPG_jpg.rf.ad79e318355923e68a10f1678fe9b6bf.jpg,0,0.222028,0.132097,0.30092,0.119946,0.918594
000945_JPG_jpg.rf.ad79e318355923e68a10f1678fe9b6bf.jpg,0,0.528051,0.605774,0.14863,0.058253,0.845689
000945_JPG_jpg.rf.ad79e318355923e68a10f1678fe9b6bf.jpg,0,0.897963,0.853341,0.109732,0.038799,0.77832
000945_JPG_jpg.rf.ad79e318355923e68a10f1678fe9b6bf.jpg,0,0.926987,0.8503,0.05099,0.035133,0.327077
000945_JPG_jpg.rf.ad79e318355923e68a10f1678fe9b6bf.jpg,0,0.577777,0.7155,0.135626,0.045717,0.2145
000946_JPG_jpg.rf.d747fd05b21ff8ac85c05629986ae344.jpg,0,0.400686,0.222672,0.107975,0.051152,0.853616
000946_JPG_jpg.rf.d747fd05b21ff8ac85c05629986ae344.jpg,9,0.062234,0.1831,0.062478,0.069244,0.850833
000946_jpg.rf.18bf1b977f56cc49545942b86ac7c739.jpg,0,0.523784,0.846918,0.029461,0.105053,0.830558
000946_jpg.rf.18bf1b977f56cc49545942b86ac7c739.jpg,0,0.074159,0.878652,0.023511,0.101203,0.792088
000946_jpg.rf.18bf1b977f56cc49545942b86ac7c739.jpg,8,0.576828,0.844663,0.032745,0.067707,0.178071
000949_JPG_jpg.rf.dffe53a303ce089bd4001a13de0cc7bd.jpg,0,0.281182,0.133664,0.336083,0.133005,0.948555
000954_JPG_jpg.rf.2633035aaeb19e6f2005bf2f8f5d3ebd.jpg,0,0.474339,0.249984,0.126166,0.058094,0.864747
000954_JPG_jpg.rf.2633035aaeb19e6f2005bf2f8f5d3ebd.jpg,0,0.40679,0.589229,0.028969,0.020043,0.378112
000959_jpg.rf.5bf1b1614cead2ae3ed908c0373143c1.jpg,0,0.519604,0.289155,0.011634,0.045042,0.748485
000959_jpg.rf.5bf1b1614cead2ae3ed908c0373143c1.jpg,0,0.386539,0.297696,0.013264,0.051342,0.623238
000961_jpg.rf.805df5d6f453caa3c1fa8a87893ec991.jpg,0,0.529605,0.263049,0.013753,0.050776,0.786102
000961_jpg.rf.805df5d6f453caa3c1fa8a87893ec991.jpg,0,0.436353,0.264864,0.014577,0.056471,0.757949
000966_JPG_jpg.rf.87fa55fbebc4989000b890b88765c712.jpg,0,0.26456,0.126314,0.092072,0.057825,0.85528
000967_jpg.rf.c03a4af67b2c09d534327ef7de40de4c.jpg,1,0.642239,0.098682,0.025095,0.097769,0.826022
000967_jpg.rf.c03a4af67b2c09d534327ef7de40de4c.jpg,1,0.808799,0.090932,0.023298,0.101084,0.718684
000983_JPG_jpg.rf.435a52389bec50fc37b8d83dc287f3ed.jpg,0,0.588551,0.062394,0.291479,0.087241,0.939145
000983_JPG_jpg.rf.435a52389bec50fc37b8d83dc287f3ed.jpg,0,0.251676,0.4256,0.089078,0.033036,0.718046
000985_JPG_jpg.rf.858faffcae4167e233b829d2f744f34f.jpg,0,0.319022,0.114692,0.132779,0.055833,0.834533
000989_JPG_jpg.rf.190d2ec887677882e3d1c869a542aa26.jpg,0,0.419144,0.159757,0.191037,0.082319,0.892423
000989_JPG_jpg.rf.190d2ec887677882e3d1c869a542aa26.jpg,0,0.270695,0.583097,0.031884,0.014213,0.600965
000994_jpg.rf.a4d87f8cd54a7a19e0081461e279a335.jpg,0,0.457186,0.861453,0.031403,0.133239,0.804362
000994_jpg.rf.a4d87f8cd54a7a19e0081461e279a335.jpg,0,0.008862,0.875903,0.017724,0.12721,0.713802
001000_jpg.rf.55d2c5392c587e099e386a6406bff14f.jpg,3,0.206435,0.283658,0.209313,0.376677,0.946384
001004_jpg.rf.b5403b891cecfc5231ff9ef14b3534ae.jpg,3,0.500344,0.395595,0.270706,0.204898,0.933117
001014_jpg.rf.b5f73c9eb6dc1a27fd9ec0323fb5d210.jpg,3,0.294657,0.220713,0.203328,0.334616,0.942382
001019_jpg.rf.c53eaf43c583c2bdb0f57c91179329f9.jpg,0,0.558727,0.110213,0.02838,0.117052,0.833521
001019_jpg.rf.c53eaf43c583c2bdb0f57c91179329f9.jpg,0,0.165049,0.134082,0.028224,0.117456,0.803017
001023_jpg.rf.f7de58bb03c2e2a346432baa358b4c3e.jpg,3,0.294446,0.275754,0.203863,0.253808,0.930859
001028_jpg.rf.7a77036407cf037c2415b436fde7826b.jpg,3,0.741427,0.213281,0.116915,0.160026,0.882682
001031_jpg.rf.2b5fd42d6b8a7d445183a468803e57b9.jpg,3,0.541816,0.349287,0.181257,0.278869,0.938984
001035_jpg.rf.8bb44e874531b88eb7bdff9082c78a43.jpg,3,0.612217,0.446541,0.382919,0.53565,0.953699
001049_jpg.rf.e527b2a1edfb88b1fbfb9542d33a9a27.jpg,0,0.333204,0.187042,0.017522,0.077631,0.800591
001049_jpg.rf.e527b2a1edfb88b1fbfb9542d33a9a27.jpg,0,0.55653,0.166477,0.020048,0.077404,0.712532
001051_jpg.rf.bb8152d7d7c35ed73bfc9239185f9087.jpg,3,0.470514,0.268538,0.067507,0.096024,0.907911
001051_jpg.rf.bb8152d7d7c35ed73bfc9239185f9087.jpg,12,0.690695,0.262857,0.064712,0.095047,0.889963
001051_jpg.rf.bb8152d7d7c35ed73bfc9239185f9087.jpg,3,0.252092,0.272731,0.06492,0.100412,0.886863
001057_jpg.rf.0d8f858b7a9c12830691348e2ae306af.jpg,3,0.407453,0.289035,0.497668,0.282962,0.962919
001059_jpg.rf.2b325fd15e28d0c622610dea63c2c12f.jpg,3,0.257835,0.584237,0.183125,0.290127,0.94458
001066_jpg.rf.c55d7313f5d62858191ae315c7fada73.jpg,1,0.542551,0.133021,0.019656,0.081217,0.756644
001066_jpg.rf.c55d7313f5d62858191ae315c7fada73.jpg,1,0.351287,0.155114,0.020088,0.085478,0.668401
001066_jpg.rf.c55d7313f5d62858191ae315c7fada73.jpg,8,0.566558,0.137343,0.024996,0.054249,0.23008
001068_jpg.rf.371ec28b0d2bbbd16c8a645be41f5a76.jpg,1,0.200369,0.108509,0.027339,0.111391,0.659914
001068_jpg.rf.371ec28b0d2bbbd16c8a645be41f5a76.jpg,1,0.554854,0.091525,0.025469,0.102392,0.620849
001082_jpg.rf.6b7fc1c9648c1a3494a137ffa3664be1.jpg,3,0.741275,0.215394,0.116024,0.164411,0.903146
001089_jpg.rf.004c591c5855cf05e2198a5e21c8ab56.jpg,3,0.506232,0.680022,0.232345,0.42227,0.942167
001097_jpg.rf.76b13f1ce839d7102e9a683f6959a3e6.jpg,3,0.397133,0.455381,0.606263,0.773941,0.944243
001214_jpg.rf.85dbeddc5609d79293b1f979131a9f35.jpg,4,0.480675,0.363368,0.502942,0.334874,0.958112
001223_jpg.rf.cd973e1db0f78ec16c70d7af43fc4511.jpg,4,0.333611,0.53215,0.290495,0.397368,0.961538
001228_jpg.rf.f4f7bc0b74a46e26c75aed78c39b41e5.jpg,4,0.31386,0.28368,0.229851,0.413296,0.962888
001229_jpg.rf.3174ec6dbfe9e8ee6ab16906d969ae8d.jpg,4,0.333123,0.532677,0.289237,0.395932,0.956724
001247_jpg.rf.986fd924de123c95a8e6bbcc765d4c10.jpg,4,0.293738,0.484082,0.497521,0.917389,0.740744
001250_jpg.rf.157a04c81cbb47009538b4880d0004c9.jpg,4,0.497739,0.459606,0.435803,0.614565,0.938707
001256_jpg.rf.204fbb92b5dc59d697bf04b2682485e2.jpg,4,0.565482,0.378611,0.296887,0.38874,0.963085
001259_jpg.rf.b55c7e7dacc1e607f8e69b2a5cc36568.jpg,4,0.534479,0.515343,0.332851,0.505402,0.948322
001261_jpg.rf.7b5bf5841b26d8966d6081fbc704dbf7.jpg,4,0.470728,0.273772,0.132556,0.093408,0.88338
001277_jpg.rf.03beffa81aa901c8462dfe1681a202f4.jpg,4,0.439014,0.225855,0.089834,0.132996,0.957994
001281_jpg.rf.b8a22407e4c52a0704d45a8b32965f9b.jpg,4,0.501242,0.498163,0.707485,0.918089,0.933777
001289_jpg.rf.2b57939adb36b165f0eef0a3de68e1ec.jpg,4,0.506741,0.432719,0.399935,0.260695,0.959535
001290_jpg.rf.d3a396f3ea066c80a6e76a48dcf798a2.jpg,4,0.479875,0.19083,0.275907,0.179028,0.923072
001291_jpg.rf.c0ea8c600fa9219527f23947a8f0e7ec.jpg,4,0.31322,0.298649,0.230699,0.328848,0.960779
001295_jpg.rf.449090465a44f9f98a47e1141f3a8f38.jpg,4,0.533751,0.515933,0.332243,0.505634,0.948214
001407_jpg.rf.70ca057de423bef18930dd5f47b975d7.jpg,5,0.222719,0.210668,0.221199,0.338609,0.939246
001409_jpg.rf.03a314500608050ad90ed1c849fb18db.jpg,5,0.637261,0.4647,0.075245,0.116523,0.878739
001427_jpg.rf.fe832db13f19311c2eda0b6e83878ec5.jpg,5,0.493991,0.499833,0.929594,0.912025,0.951897
001432_jpg.rf.5d8fff00f092a9bcb15a018a3edb186b.jpg,5,0.722265,0.46879,0.131644,0.223213,0.920183
001436_jpg.rf.cc8f571352da66682260166ac2086168.jpg,5,0.698818,0.453081,0.382124,0.602976,0.946375
001449_jpg.rf.4b8f2718b90c8c6cf89ccf753d5b575a.jpg,5,0.883274,0.235853,0.233452,0.334383,0.947652
001449_jpg.rf.4b8f2718b90c8c6cf89ccf753d5b575a.jpg,4,0.32689,0.706546,0.35384,0.548894,0.909643
001462_jpg.rf.590c8b4c74096f768de4433951995545.jpg,5,0.737148,0.498997,0.525703,0.997994,0.951433
001465_jpg.rf.82e271056e453a4f123033b7db486d63.jpg,5,0.475462,0.321935,0.580217,0.613835,0.950032
001465_jpg.rf.82e271056e453a4f123033b7db486d63.jpg,5,0.882284,0.685212,0.227135,0.296794,0.942617
001465_jpg.rf.82e271056e453a4f123033b7db486d63.jpg,5,0.271872,0.793313,0.165973,0.267202,0.920648
001465_jpg.rf.82e271056e453a4f123033b7db486d63.jpg,5,0.5927,0.888506,0.084425,0.143742,0.900163
001465_jpg.rf.82e271056e453a4f123033b7db486d63.jpg,5,0.789864,0.886737,0.079728,0.131563,0.827394
001465_jpg.rf.82e271056e453a4f123033b7db486d63.jpg,5,0.332829,0.910526,0.069865,0.128094,0.645481
001465_jpg.rf.82e271056e453a4f123033b7db486d63.jpg,5,0.531165,0.92758,0.0506,0.108349,0.210658
001472_jpg.rf.38654b39e5bc13159c16952df2ba2dc0.jpg,5,0.713651,0.450168,0.367104,0.705458,0.953152
001477_jpg.rf.170667884b322b9985bcd6a054a0d6be.jpg,5,0.510061,0.482964,0.471382,0.862883,0.94073
001478_jpg.rf.b4a8c8adb59b1bfeb056f275a7e9c785.jpg,5,0.429667,0.303711,0.723515,0.445446,0.942518
001479_jpg.rf.61b4e3eab9b3daa20c770dafec663c97.jpg,5,0.501989,0.464452,0.549542,0.767953,0.941076
001482_jpg.rf.c040f508e60b3a870f5f5fc8b9b017d2.jpg,5,0.511758,0.343667,0.320146,0.612717,0.949686
001484_jpg.rf.6b44f8da037b210cdbe0663683d7274e.jpg,5,0.23721,0.457783,0.398596,0.768975,0.939631
001494_jpg.rf.4db0ef3199baad5258c353573bffed4a.jpg,5,0.613128,0.217996,0.506202,0.332527,0.952768
001603_JPG_jpg.rf.d7ff42753708b2cd74195e8e463d3e2c.jpg,1,0.48117,0.133296,0.376775,0.110199,0.87759
001603_JPG_jpg.rf.d7ff42753708b2cd74195e8e463d3e2c.jpg,0,0.479398,0.130479,0.377343,0.104744,0.534831
001606_JPG_jpg.rf.acbfc805c9e8ea9791185014645390c2.jpg,1,0.676561,0.1485,0.179841,0.083398,0.931818
001606_JPG_jpg.rf.acbfc805c9e8ea9791185014645390c2.jpg,1,0.124111,0.505469,0.083939,0.04149,0.827564
001607_JPG_jpg.rf.a6dcbc5ecd7c2ef807a4bce512a054a0.jpg,1,0.383416,0.150618,0.097324,0.054705,0.912342
001608_JPG_jpg.rf.7d48153578ad316231c6c992263ac497.jpg,1,0.457994,0.135481,0.139119,0.075116,0.921102
001619_JPG_jpg.rf.1640a48f199bbe32ee72dc83a24e1521.jpg,1,0.243519,0.114174,0.10412,0.048303,0.75119
001619_JPG_jpg.rf.1640a48f199bbe32ee72dc83a24e1521.jpg,0,0.243077,0.113231,0.103921,0.046713,0.686605
001623_JPG_jpg.rf.8777c38ac6d8aebbc4c5524393a8ce83.jpg,1,0.294141,0.0932,0.110313,0.062268,0.874501
001624_JPG_jpg.rf.a3a7ed1ca4bdc41789b882fe5d7e3e94.jpg,1,0.538669,0.145328,0.119101,0.064483,0.869928
001631_JPG_jpg.rf.18c57a703b3f30d8e2b21868d3657b5d.jpg,1,0.435864,0.071859,0.164947,0.079706,0.924585
001642_JPG_jpg.rf.1501f63859c8183e7b273ed3f677bb80.jpg,1,0.418066,0.101476,0.200061,0.105021,0.96276
001643_JPG_jpg.rf.bb0dd8813a6c24f91a4e04962aaa7f31.jpg,1,0.623427,0.185883,0.335143,0.182653,0.901955
001654_JPG_jpg.rf.e26100131533da63b018a72fab6586e3.jpg,1,0.377953,0.100536,0.145116,0.057976,0.885528
001656_JPG_jpg.rf.193bed9f1b03b8c4d46254c930216604.jpg,1,0.497632,0.168225,0.288012,0.113997,0.80904
001656_JPG_jpg.rf.193bed9f1b03b8c4d46254c930216604.jpg,0,0.4977,0.168028,0.288486,0.120532,0.249738
001660_JPG_jpg.rf.41a9573c77f81a1dc9e669467db98386.jpg,1,0.332875,0.084576,0.144718,0.07712,0.896383
001660_JPG_jpg.rf.41a9573c77f81a1dc9e669467db98386.jpg,0,0.3333,0.083931,0.145604,0.076239,0.240627
001662_JPG_jpg.rf.97c2b266f1a788361d25be2305f03736.jpg,1,0.354089,0.187901,0.084337,0.054521,0.879861
001693_JPG_jpg.rf.9c74f3077d05257d04e7a58a48642fe0.jpg,1,0.531441,0.317202,0.220378,0.11768,0.98314
001700_JPG_jpg.rf.4f29277e7dfa7365978e572fe9f9eee3.jpg,1,0.544628,0.11218,0.213642,0.062034,0.754625
001700_JPG_jpg.rf.4f29277e7dfa7365978e572fe9f9eee3.jpg,0,0.558462,0.111238,0.169102,0.061535,0.155402
001813_JPG_jpg.rf.2a732d7bc29b893c586a2bebea876f72.jpg,1,0.074255,0.939019,0.147249,0.120828,0.403658
001813_JPG_jpg.rf.2a732d7bc29b893c586a2bebea876f72.jpg,1,0.644675,0.705471,0.288702,0.388815,0.145129
001826_JPG_jpg.rf.a805482f1c979ccfd35e378a2d5d78a6.jpg,8,0.12904,0.1102,0.126337,0.195437,0.914057
001826_JPG_jpg.rf.a805482f1c979ccfd35e378a2d5d78a6.jpg,0,0.555905,0.194771,0.223796,0.093309,0.907708
001830_JPG_jpg.rf.80271bce54a1933c1c80ae661932ee2f.jpg,1,0.43915,0.122742,0.099746,0.045187,0.831816
001830_JPG_jpg.rf.80271bce54a1933c1c80ae661932ee2f.jpg,1,0.154982,0.202354,0.034877,0.153105,0.646458
001833_JPG_jpg.rf.b6092f0bd597484bb9c205017e5c389f.jpg,1,0.541915,0.245266,0.244805,0.093228,0.967638
001857_JPG_jpg.rf.d447fe7f6ff27a88a5e983e0b5f2a821.jpg,0,0.437705,0.231489,0.069398,0.028755,0.725758
001860_JPG_jpg.rf.6e8d22dbd246ecfaf521fbb30ff5e2fe.jpg,0,0.528175,0.260263,0.166835,0.084735,0.871262
001860_JPG_jpg.rf.6e8d22dbd246ecfaf521fbb30ff5e2fe.jpg,0,0.921064,0.919759,0.035258,0.025178,0.527462
001918_jpg.rf.cf4263574ace70aef2c9045b9cde5a85.jpg,6,0.508254,0.746988,0.236689,0.3021,0.885394
001918_jpg.rf.cf4263574ace70aef2c9045b9cde5a85.jpg,11,0.519138,0.361343,0.416482,0.442353,0.359044
001982_jpg.rf.6d24adf886f0c39c03910738d4ecc170.jpg,1,0.771073,0.267152,0.089832,0.242219,0.694292
001996_jpg.rf.e04928f5210adad4b15f5a851c83b514.jpg,1,0.266456,0.771215,0.529761,0.456423,0.183921
002188_jpg.rf.0c0627398b64450d4f392c77290207fe.jpg,1,0.719216,0.337694,0.336072,0.144707,0.852304
002188_jpg.rf.0c0627398b64450d4f392c77290207fe.jpg,0,0.720344,0.323494,0.339808,0.146133,0.717115
0023f366-a173-4ba7-952c-63f5698c022d_jpg.rf.9edd5a29eae0884e275e51ee445d1a10.jpg,1,0.56563,0.520062,0.715159,0.85563,0.923431
0230d0a6-0eac-4bf1-bc0c-560f18ad7415_jpg.rf.48f1963e9fbe5a6b0179b33762a2eb65.jpg,1,0.573524,0.506065,0.633992,0.844425,0.825715
0313fdea-c8b1-458b-adac-adcb4aac3622_jpg.rf.78780f33ec642080187f26937e8005be.jpg,1,0.572789,0.526259,0.713609,0.816595,0.892723
0313fdea-c8b1-458b-adac-adcb4aac3622_jpg.rf.78780f33ec642080187f26937e8005be.jpg,0,0.152135,0.569205,0.304271,0.74519,0.147602
0590a57d-491c-4322-b287-594d5511e79b_jpg.rf.654f0a4f98fad473e55cc437d1c9d902.jpg,0,0.447388,0.602612,0.602446,0.743216,0.811106
0629fae7-2357-4fa2-a599-750358cf7e2e_jpg.rf.363911291d5f6f7fe0e031331fd7e4e9.jpg,0,0.49678,0.513619,0.764843,0.795961,0.899944
080e28db-6b07-4f03-a3c3-0803f43cc2ea_jpg.rf.8db090c85fe85dbff2c2f30a30efb0e1.jpg,1,0.541673,0.535981,0.477407,0.901923,0.918244
0866866d-298d-4bff-afa0-6456ad7fd807_jpg.rf.3bcf97c79a92aac15ad03419bbadf199.jpg,1,0.434179,0.481697,0.591883,0.878862,0.935976
08724eba-901b-4e19-883d-1cc236532391_jpg.rf.58818e500202bb38a13268b4cd2c4f4a.jpg,0,0.597847,0.54303,0.480619,0.754054,0.929724
09282467-3e63-4506-9252-a0fd5b913deb_jpg.rf.7c3a79616a712d7b1f231bc9108d8db7.jpg,0,0.486443,0.488672,0.705732,0.809856,0.783177
098904b8-c355-46e6-b644-52387480db96_jpg.rf.ed1b718605fa48e5c0cfbc438da6d050.jpg,0,0.528551,0.517428,0.697918,0.878817,0.876071
10a18f3d-79d7-447f-ab9e-6de78b09477f_jpg.rf.8ce6805731f28537f453028a8d5a4885.jpg,1,0.554786,0.482036,0.859317,0.916267,0.937337
1141c383-3413-40a0-a550-7253129d4a4a_jpg.rf.5d2d3eba0b2dbca166bc5c51fe7e607d.jpg,0,0.591549,0.511817,0.664228,0.843686,0.921285
182a7c98-60cb-46a4-a89b-ad3500515c3a_jpg.rf.2a5a1477064c1cd7dbe34e2e9a982a9e.jpg,0,0.531812,0.475292,0.887555,0.950584,0.933487
2257b962-595c-43ae-8f0d-575f1b55beb8_jpg.rf.d8ba84a72e00584f12f54d3cf03c8dc0.jpg,0,0.569212,0.487817,0.582821,0.842459,0.873755
2257b962-595c-43ae-8f0d-575f1b55beb8_jpg.rf.d8ba84a72e00584f12f54d3cf03c8dc0.jpg,0,0.872948,0.499734,0.252914,0.999469,0.235773
24085f02-5dde-4b59-ad8e-887935bd08e1_jpg.rf.d216c61af0d1adf927b98f242a4fe85f.jpg,0,0.458549,0.504127,0.75656,0.956102,0.936309
27beeb65-e6ea-4c4a-9dea-597500f26e7f_jpg.rf.29ca4c588d77178889b70d59993eb0ff.jpg,0,0.544488,0.465898,0.716363,0.86016,0.886495
643854b9-b9d9-4b74-99fb-830fde4a0b74_jpg.rf.4d252deec56db095b1acab7c1c0f1bdc.jpg,1,0.54359,0.497292,0.695362,0.824137,0.9153
FisheyeCamera_1_00000_png.rf.51e7c2d131818f5ac51613cb3d152380.jpg,14,0.604723,0.543546,0.022041,0.032912,0.921047
FisheyeCamera_1_00005_png.rf.2c3a5ef517c817ce7872439ac76a7c08.jpg,14,0.643845,0.538598,0.029463,0.042132,0.912257
FisheyeCamera_1_00012_png.rf.72d6e678caad674f4fe8c948471cf743.jpg,2,0.330954,0.519016,0.031468,0.044056,0.879207
FisheyeCamera_1_00012_png.rf.72d6e678caad674f4fe8c948471cf743.jpg,2,0.612916,0.535106,0.017044,0.0246,0.624616
FisheyeCamera_1_00018_png.rf.765c48e66c9a0a7d70f6e4b0af00494c.jpg,2,0.640004,0.522159,0.027699,0.042813,0.947222
FisheyeCamera_1_00018_png.rf.765c48e66c9a0a7d70f6e4b0af00494c.jpg,2,0.040322,0.439883,0.027765,0.109589,0.449128
FisheyeCamera_1_00018_png.rf.765c48e66c9a0a7d70f6e4b0af00494c.jpg,6,0.30318,0.528282,0.021325,0.03236,0.402888
FisheyeCamera_1_00018_png.rf.765c48e66c9a0a7d70f6e4b0af00494c.jpg,6,0.535038,0.538806,0.017301,0.022899,0.168182
FisheyeCamera_1_00021_png.rf.703e3c27438f8fe990ef8ffbd48f2b51.jpg,6,0.351158,0.53164,0.017358,0.028681,0.78804
FisheyeCamera_1_00022_png.rf.783465f75a2393c7aaa0ec3c3cd3ed4d.jpg,6,0.338909,0.529105,0.018168,0.031473,0.778062
FisheyeCamera_1_00023_png.rf.cd1aa333b9e78ad2f7b2de3c154e7429.jpg,6,0.324875,0.525933,0.019855,0.034681,0.779705
FisheyeCamera_1_00027_png.rf.dfb965799faeb1514f927e69c5ec0fd2.jpg,6,0.23583,0.507096,0.024679,0.051748,0.621586
FisheyeCamera_1_00027_png.rf.dfb965799faeb1514f927e69c5ec0fd2.jpg,0,0.452392,0.506557,0.008106,0.004469,0.471414
FisheyeCamera_1_00027_png.rf.dfb965799faeb1514f927e69c5ec0fd2.jpg,8,0.235684,0.507113,0.024448,0.051806,0.40569
FisheyeCamera_1_00028_png.rf.f6f0a58dd52d1cf0fe75c8496a37b067.jpg,6,0.201625,0.498462,0.024808,0.055789,0.965108
FisheyeCamera_1_00028_png.rf.f6f0a58dd52d1cf0fe75c8496a37b067.jpg,0,0.452179,0.505347,0.008286,0.00422,0.311346
FisheyeCamera_1_00036_png.rf.a4fcf0fd896e50b389c7a93fae4d3a07.jpg,7,0.582785,0.527092,0.027435,0.039095,0.710596
FisheyeCamera_1_00036_png.rf.a4fcf0fd896e50b389c7a93fae4d3a07.jpg,9,0.059106,0.473472,0.022242,0.062846,0.11749
FisheyeCamera_1_00041_png.rf.402d963ad90df5846463e66a301debd3.jpg,0,0.440867,0.495245,0.008605,0.005785,0.432264
FisheyeCamera_1_00089_png.rf.3a437fe3f7f2a546183b5ef50bf92eab.jpg,7,0.31136,0.540164,0.010226,0.013333,0.468438
FisheyeCamera_1_00089_png.rf.3a437fe3f7f2a546183b5ef50bf92eab.jpg,0,0.261392,0.300772,0.024884,0.016933,0.357438
FisheyeCamera_1_00089_png.rf.3a437fe3f7f2a546183b5ef50bf92eab.jpg,1,0.437014,0.489011,0.006749,0.00531,0.13165
FisheyeCamera_1_00095_png.rf.7339640275f9c4483536f89fb2c815e0.jpg,7,0.270083,0.536149,0.008428,0.01571,0.472932
FisheyeCamera_1_00095_png.rf.7339640275f9c4483536f89fb2c815e0.jpg,1,0.431521,0.482305,0.007547,0.005198,0.438306
FisheyeCamera_1_00097_png.rf.fb72097a4038b905024bea71b14c1434.jpg,7,0.252147,0.533316,0.008489,0.016404,0.491131
FisheyeCamera_1_00098_png.rf.937d582ee38fb9c9007c37c872df3176.jpg,7,0.242437,0.531547,0.009367,0.017353,0.727057
FisheyeCamera_1_00098_png.rf.937d582ee38fb9c9007c37c872df3176.jpg,1,0.426733,0.477452,0.009276,0.007725,0.135995
FisheyeCamera_1_00100_png.rf.683a106328c4647fb8dcd00c1c2af90f.jpg,7,0.221618,0.52892,0.009617,0.017268,0.523977
FisheyeCamera_1_00100_png.rf.683a106328c4647fb8dcd00c1c2af90f.jpg,1,0.422719,0.472621,0.011366,0.008006,0.445055
FisheyeCamera_1_00104_png.rf.4b7fdfa8ad94152180492a204dfd629d.jpg,11,0.360226,0.526224,0.026823,0.039951,0.452114
FisheyeCamera_1_00142_png.rf.def6aeee07cff082ea33cd3d659e7024.jpg,9,0.597259,0.544113,0.007198,0.013114,0.655695
FisheyeCamera_1_00142_png.rf.def6aeee07cff082ea33cd3d659e7024.jpg,9,0.564155,0.548027,0.0092,0.009761,0.221343
FisheyeCamera_1_00150_png.rf.59de5a3cfa738990cf21ba7d18b79444.jpg,13,0.363821,0.530294,0.020915,0.030971,0.876177
FisheyeCamera_1_00151_png.rf.ff1355b3e842019c0228380552ea0c2c.jpg,13,0.353462,0.528251,0.022885,0.033563,0.509604
FisheyeCamera_1_00151_png.rf.ff1355b3e842019c0228380552ea0c2c.jpg,4,0.353421,0.527859,0.023322,0.033643,0.4916
FisheyeCamera_1_00151_png.rf.ff1355b3e842019c0228380552ea0c2c.jpg,11,0.403258,0.544433,0.008537,0.012803,0.268283
FisheyeCamera_1_00153_png.rf.19444df592470cf02432f62dfd784f12.jpg,9,0.58598,0.545276,0.009486,0.012959,0.849086
FisheyeCamera_1_00153_png.rf.19444df592470cf02432f62dfd784f12.jpg,9,0.663259,0.534279,0.014155,0.023089,0.636337
FisheyeCamera_1_00154_png.rf.be661e0bba8aead34dbcded1d4e5b260.jpg,9,0.673036,0.532578,0.013939,0.023355,0.931909
FisheyeCamera_1_00154_png.rf.be661e0bba8aead34dbcded1d4e5b260.jpg,9,0.589301,0.544933,0.008967,0.01376,0.723255
FisheyeCamera_1_00194_png.rf.21c8dbe947c18776eaab4e5caec1585b.jpg,1,0.354101,0.483252,0.009991,0.005747,0.622445
FisheyeCamera_1_00194_png.rf.21c8dbe947c18776eaab4e5caec1585b.jpg,1,0.318969,0.483401,0.009754,0.006412,0.463995
FisheyeCamera_1_00194_png.rf.21c8dbe947c18776eaab4e5caec1585b.jpg,10,0.316842,0.544448,0.008,0.006756,0.2466
FisheyeCamera_1_00194_png.rf.21c8dbe947c18776eaab4e5caec1585b.jpg,10,0.312231,0.542619,0.012093,0.006896,0.111308
FisheyeCamera_1_00195_png.rf.c958e21bb68e76adac7817623d7c1f75.jpg,0,0.463172,0.381694,0.020676,0.013744,0.619742
FisheyeCamera_1_00195_png.rf.c958e21bb68e76adac7817623d7c1f75.jpg,12,0.767027,0.525377,0.016224,0.025857,0.195103
FisheyeCamera_1_00195_png.rf.c958e21bb68e76adac7817623d7c1f75.jpg,0,0.552004,0.398468,0.023199,0.012781,0.175029
FisheyeCamera_1_00202_png.rf.ee30ccd577d5cfc9c2f6c16edaeacdf2.jpg,0,0.510348,0.302672,0.030352,0.019317,0.779685
FisheyeCamera_1_00202_png.rf.ee30ccd577d5cfc9c2f6c16edaeacdf2.jpg,0,0.640063,0.329368,0.024492,0.016135,0.564979
FisheyeCamera_1_00202_png.rf.ee30ccd577d5cfc9c2f6c16edaeacdf2.jpg,1,0.533983,0.463986,0.010273,0.008001,0.110259
FisheyeCamera_1_00204_png.rf.19edfa32d48b66e0365f54c7325dcbd4.jpg,0,0.529469,0.265778,0.033146,0.022997,0.716077
FisheyeCamera_1_00204_png.rf.19edfa32d48b66e0365f54c7325dcbd4.jpg,0,0.672291,0.298517,0.028926,0.01837,0.654016
FisheyeCamera_1_00211_png.rf.4d937346689834589353be2d154dc924.jpg,0,0.578118,0.085905,0.053825,0.038236,0.819322
FisheyeCamera_1_00211_png.rf.4d937346689834589353be2d154dc924.jpg,1,0.58899,0.472893,0.014867,0.009307,0.32774
FisheyeCamera_1_00211_png.rf.4d937346689834589353be2d154dc924.jpg,1,0.517474,0.471098,0.013354,0.008718,0.199145
FisheyeCamera_1_00230_png.rf.0abfb32b639a38aefee3263df7d3733e.jpg,1,0.553176,0.438555,0.041583,0.025422,0.745247
FisheyeCamera_1_00230_png.rf.0abfb32b639a38aefee3263df7d3733e.jpg,1,0.717103,0.453362,0.030214,0.020024,0.735252
FisheyeCamera_1_00230_png.rf.de641278e85b0675e5c4ec40b2fdf74f.jpg,10,0.313316,0.523945,0.021709,0.036775,0.926117
FisheyeCamera_1_00230_png.rf.de641278e85b0675e5c4ec40b2fdf74f.jpg,1,0.341175,0.381876,0.014937,0.015404,0.711496
FisheyeCamera_1_00230_png.rf.de641278e85b0675e5c4ec40b2fdf74f.jpg,1,0.435213,0.376427,0.021996,0.013077,0.683561
FisheyeCamera_1_00230_png.rf.de641278e85b0675e5c4ec40b2fdf74f.jpg,0,0.498133,0.513674,0.016837,0.010398,0.578161
FisheyeCamera_1_00230_png.rf.de641278e85b0675e5c4ec40b2fdf74f.jpg,0,0.500802,0.511454,0.016442,0.010892,0.204893
FisheyeCamera_1_00239_png.rf.d6a3e883bbb92412f2642432771f2d09.jpg,1,0.461388,0.255528,0.034124,0.022956,0.741191
FisheyeCamera_1_00239_png.rf.d6a3e883bbb92412f2642432771f2d09.jpg,1,0.322729,0.298626,0.028469,0.019618,0.614775
FisheyeCamera_1_00239_png.rf.d6a3e883bbb92412f2642432771f2d09.jpg,0,0.567661,0.502542,0.017112,0.009701,0.595271
FisheyeCamera_1_00257_png.rf.fd48c32db227dac063bcd71340f4f334.jpg,0,0.752972,0.454755,0.024866,0.012726,0.758597
FisheyeCamera_1_00257_png.rf.fd48c32db227dac063bcd71340f4f334.jpg,13,0.771374,0.535449,0.005788,0.010827,0.731632
FisheyeCamera_1_00257_png.rf.fd48c32db227dac063bcd71340f4f334.jpg,0,0.697309,0.531202,0.007138,0.012017,0.268075
FisheyeCamera_1_00282_png.rf.8432bcb7705139cd0bcd1421987aaff7.jpg,13,0.816731,0.52322,0.01406,0.02259,0.91841
FisheyeCamera_1_00282_png.rf.8432bcb7705139cd0bcd1421987aaff7.jpg,0,0.595173,0.527462,0.007647,0.01929,0.799413
FisheyeCamera_1_00282_png.rf.8432bcb7705139cd0bcd1421987aaff7.jpg,1,0.471682,0.538972,0.005907,0.012226,0.614132
FisheyeCamera_1_00282_png.rf.8432bcb7705139cd0bcd1421987aaff7.jpg,11,0.383936,0.5468,0.005661,0.009112,0.40333
FisheyeCamera_1_00283_png.rf.e88cf39eb00a52dfcceb2fcfddf89260.jpg,13,0.829959,0.52052,0.014524,0.022768,0.909327
FisheyeCamera_1_00283_png.rf.e88cf39eb00a52dfcceb2fcfddf89260.jpg,0,0.597049,0.526323,0.008263,0.020773,0.791272
FisheyeCamera_1_00283_png.rf.e88cf39eb00a52dfcceb2fcfddf89260.jpg,11,0.380437,0.546412,0.005772,0.009523,0.568364
FisheyeCamera_1_00283_png.rf.e88cf39eb00a52dfcceb2fcfddf89260.jpg,1,0.470822,0.538596,0.004822,0.012403,0.440677
FisheyeCamera_1_00285_png.rf.cbc33d5d21aad4b5d0d195479cb4f9ef.jpg,13,0.85953,0.515408,0.015326,0.023927,0.812711
FisheyeCamera_1_00285_png.rf.cbc33d5d21aad4b5d0d195479cb4f9ef.jpg,0,0.598877,0.524607,0.01026,0.020549,0.790811
FisheyeCamera_1_00285_png.rf.cbc33d5d21aad4b5d0d195479cb4f9ef.jpg,11,0.372086,0.545942,0.006834,0.009981,0.605034
FisheyeCamera_1_00285_png.rf.cbc33d5d21aad4b5d0d195479cb4f9ef.jpg,1,0.4668,0.537499,0.004529,0.013053,0.218491
FisheyeCamera_1_00298_png.rf.a4bc4257abfe5a5f97a7ab4671d5a682.jpg,0,0.627433,0.507696,0.012066,0.032916,0.732615
FisheyeCamera_1_00298_png.rf.a4bc4257abfe5a5f97a7ab4671d5a682.jpg,1,0.431876,0.533788,0.006538,0.0155,0.675036
FisheyeCamera_1_00298_png.rf.a4bc4257abfe5a5f97a7ab4671d5a682.jpg,11,0.288434,0.537965,0.010668,0.015193,0.513391
FisheyeCamera_1_00302_png.rf.89395bab7d8fb4a6da3324a58b3497cd.jpg,11,0.252232,0.533705,0.009736,0.016567,0.868282
FisheyeCamera_1_00302_png.rf.89395bab7d8fb4a6da3324a58b3497cd.jpg,0,0.649655,0.497358,0.014912,0.039416,0.626748
FisheyeCamera_1_00302_png.rf.89395bab7d8fb4a6da3324a58b3497cd.jpg,1,0.422381,0.530836,0.007652,0.016787,0.613495
FisheyeCamera_1_00314_png.rf.f10aa9e570183b2892515007c415b9cf.jpg,11,0.133729,0.514308,0.013264,0.024072,0.925722
FisheyeCamera_1_00314_png.rf.f10aa9e570183b2892515007c415b9cf.jpg,1,0.429398,0.522641,0.009579,0.02408,0.594538
FisheyeCamera_1_00314_png.rf.f10aa9e570183b2892515007c415b9cf.jpg,0,0.872312,0.408457,0.029634,0.085585,0.506552
FisheyeCamera_1_00315_png.rf.14c625eca5ff0f371a2459cb470b6dd5.jpg,11,0.122269,0.511783,0.013181,0.024826,0.844666
FisheyeCamera_1_00315_png.rf.14c625eca5ff0f371a2459cb470b6dd5.jpg,1,0.432642,0.521768,0.010035,0.02439,0.569592
FisheyeCamera_1_00351_png.rf.0c9f77a62c69eb9b4b91da5b1454eda5.jpg,12,0.442113,0.54706,0.00787,0.011369,0.917759
FisheyeCamera_1_00351_png.rf.0c9f77a62c69eb9b4b91da5b1454eda5.jpg,13,0.214855,0.532899,0.007819,0.011979,0.437596
FisheyeCamera_1_00364_png.rf.a9a2ae260182758dd32759d27a3f08ae.jpg,12,0.520448,0.543094,0.012569,0.017712,0.908502
FisheyeCamera_1_00364_png.rf.a9a2ae260182758dd32759d27a3f08ae.jpg,13,0.186192,0.527725,0.010126,0.016683,0.855364
FisheyeCamera_1_00382_png.rf.da9f23f9bb25ab0a204cb881a5ccf798.jpg,13,0.055303,0.499127,0.013087,0.027256,0.728637
FisheyeCamera_1_00454_png.rf.69544c267e97e6de7d8ff36d70f8a8f6.jpg,3,0.80195,0.524481,0.011979,0.023009,0.834038
FisheyeCamera_1_00454_png.rf.69544c267e97e6de7d8ff36d70f8a8f6.jpg,0,0.731289,0.460482,0.025306,0.012808,0.294912
FisheyeCamera_1_00471_png.rf.eb0a04fb4ec3ae41bf4b96e27bd5d26d.jpg,0,0.519434,0.458557,0.029689,0.087345,0.885779
FisheyeCamera_1_00471_png.rf.eb0a04fb4ec3ae41bf4b96e27bd5d26d.jpg,0,0.340483,0.458292,0.026262,0.082871,0.833578
FisheyeCamera_1_00476_png.rf.9039468fbc1dab58476b697e479807f8.jpg,0,0.534317,0.390103,0.05965,0.146975,0.87509
FisheyeCamera_1_00476_png.rf.9039468fbc1dab58476b697e479807f8.jpg,0,0.25216,0.399775,0.036123,0.12923,0.43575
FisheyeCamera_1_00479_png.rf.f7e77b725ba1e70b5dc8b0697e0b1f92.jpg,3,0.93227,0.501455,0.013619,0.026896,0.92015
FisheyeCamera_1_00479_png.rf.f7e77b725ba1e70b5dc8b0697e0b1f92.jpg,0,0.50179,0.417652,0.020031,0.0123,0.67981
FisheyeCamera_1_00479_png.rf.f7e77b725ba1e70b5dc8b0697e0b1f92.jpg,0,0.502363,0.473179,0.008873,0.009118,0.150958
FisheyeCamera_1_00480_png.rf.ff94615495e0c4eb7cd3a1cfce3cf2cd.jpg,3,0.952191,0.496314,0.012988,0.028455,0.951935
FisheyeCamera_1_00480_png.rf.ff94615495e0c4eb7cd3a1cfce3cf2cd.jpg,0,0.50385,0.41348,0.018429,0.011174,0.418696
FisheyeCamera_1_00480_png.rf.ff94615495e0c4eb7cd3a1cfce3cf2cd.jpg,0,0.50241,0.472008,0.009349,0.007335,0.147633
FisheyeCamera_1_00480_png.rf.ff94615495e0c4eb7cd3a1cfce3cf2cd.jpg,1,0.504221,0.412478,0.019578,0.011002,0.118853
FisheyeCamera_1_00509_png.rf.a4fdcf5053bc422a3b30b4cef69e5ea6.jpg,0,0.50823,0.318336,0.028125,0.017428,0.499319
FisheyeCamera_1_00509_png.rf.a4fdcf5053bc422a3b30b4cef69e5ea6.jpg,1,0.508874,0.318209,0.02801,0.016569,0.18576
FisheyeCamera_1_00587_png.rf.8f637c2480c931d014f8cc2877541abd.jpg,4,0.535985,0.548142,0.009477,0.010499,0.264184
FisheyeCamera_1_00587_png.rf.8f637c2480c931d014f8cc2877541abd.jpg,1,0.63328,0.490105,0.007713,0.007349,0.194621
FisheyeCamera_1_00594_png.rf.dc0e60f4633360af03461b14c31a1454.jpg,4,0.52028,0.546499,0.007913,0.012643,0.887459
FisheyeCamera_1_00594_png.rf.dc0e60f4633360af03461b14c31a1454.jpg,1,0.62693,0.482421,0.009081,0.00616,0.294835
FisheyeCamera_1_00600_png.rf.99bc40dcb86cb45b4425a2604dd3cd8d.jpg,4,0.496506,0.54547,0.009922,0.01532,0.928807
FisheyeCamera_1_00600_png.rf.99bc40dcb86cb45b4425a2604dd3cd8d.jpg,1,0.615863,0.473586,0.009529,0.009768,0.266468
FisheyeCamera_1_00600_png.rf.99bc40dcb86cb45b4425a2604dd3cd8d.jpg,1,0.616508,0.476554,0.009384,0.009398,0.150466
FisheyeCamera_1_00604_png.rf.fd483074d74e8bee0d71bb87e77ab3ef.jpg,4,0.472801,0.543243,0.012363,0.016443,0.896271
FisheyeCamera_1_00604_png.rf.fd483074d74e8bee0d71bb87e77ab3ef.jpg,1,0.603934,0.469469,0.009858,0.006659,0.675699
FisheyeCamera_1_00615_png.rf.6b8b9a4df61e83d15119053ea613f434.jpg,4,0.339359,0.526631,0.024055,0.035326,0.66371
FisheyeCamera_1_00615_png.rf.6b8b9a4df61e83d15119053ea613f434.jpg,1,0.560821,0.444825,0.013778,0.00791,0.60899
FisheyeCamera_1_00631_png.rf.ef7fde7123c71d075628496a468eb1df.jpg,1,0.509855,0.346382,0.022773,0.014619,0.676776
FisheyeCamera_1_01013_png.rf.9464970b75fa02363baae3c682e99f39.jpg,0,0.570269,0.510553,0.011482,0.009084,0.676676
FisheyeCamera_1_01013_png.rf.9464970b75fa02363baae3c682e99f39.jpg,0,0.538161,0.510539,0.011814,0.009156,0.456651
FisheyeCamera_1_01026_png.rf.dfb591570ded3c052e6641cb4f2d80c1.jpg,0,0.44219,0.496679,0.016487,0.009532,0.775234
FisheyeCamera_1_01026_png.rf.dfb591570ded3c052e6641cb4f2d80c1.jpg,0,0.398365,0.493196,0.014433,0.010819,0.607519
FisheyeCamera_1_01037_png.rf.870a2a09f0f8cb2a0b5f4a4a3b3ccadc.jpg,0,0.37087,0.46995,0.021012,0.012446,0.745752
FisheyeCamera_1_01037_png.rf.870a2a09f0f8cb2a0b5f4a4a3b3ccadc.jpg,0,0.311743,0.464093,0.019957,0.012548,0.662618
FisheyeCamera_1_01082_png.rf.da2e5bebfb023e66aacd368902a130ef.jpg,1,0.801001,0.502919,0.010521,0.026542,0.681921
FisheyeCamera_1_01086_png.rf.dd1b44b6d6e2e2da3f3f6ab8f823bc01.jpg,1,0.779115,0.502614,0.011163,0.028398,0.70268
FisheyeCamera_1_01090_png.rf.663e34306a969d1e2d3f1ca290e1ddd7.jpg,1,0.753656,0.501828,0.012004,0.031013,0.649585
FisheyeCamera_1_01098_png.rf.e141b30ac0a11cc0c857435f655656fc.jpg,1,0.80815,0.481613,0.014499,0.040515,0.742522
FisheyeCamera_1_01099_png.rf.d3e2606bc19452ecaec7548723f05a0b.jpg,1,0.818947,0.478225,0.014252,0.04275,0.752933
FisheyeCamera_1_01104_png.rf.1c0a4fa66929930288c5ff6e293ca501.jpg,1,0.860556,0.459743,0.01598,0.049868,0.738763
FisheyeCamera_1_01147_png.rf.4b377ccbafe830dd921c6b606ab4f94a.jpg,0,0.436651,0.409729,0.018593,0.011701,0.341768
b413caec-028d-48e6-922b-fc63db1b7ebb_jpg.rf.259a6b31980f35168c8ec00a5e80c263.jpg,0,0.508166,0.488639,0.669927,0.869358,0.916182
b413caec-028d-48e6-922b-fc63db1b7ebb_jpg.rf.259a6b31980f35168c8ec00a5e80c263.jpg,0,0.148088,0.379974,0.296176,0.759949,0.201079
road104_png.rf.4468adcd7c2dcfc04377146de785c0a6.jpg,11,0.491021,0.489613,0.717026,0.883588,0.945734
road108_png.rf.9655ebb7a27af56ab1d0360d10685ec8.jpg,9,0.451756,0.544276,0.027568,0.047541,0.320219
road108_png.rf.9655ebb7a27af56ab1d0360d10685ec8.jpg,12,0.451896,0.544584,0.027316,0.047121,0.160174
road108_png.rf.9655ebb7a27af56ab1d0360d10685ec8.jpg,7,0.451913,0.544044,0.027727,0.047642,0.141496
road109_png.rf.c7fd39b9ac59c325ec73dc6b5ece99fd.jpg,8,0.650067,0.51241,0.07495,0.11175,0.918008
road112_png.rf.b765c2b5d3a2145d317b0ceadfb08464.jpg,5,0.512638,0.311979,0.3242,0.501246,0.948108
road11_png.rf.40b76142a629faa238c042bcb209cc27.jpg,0,0.493482,0.387242,0.045662,0.116576,0.813935
road11_png.rf.40b76142a629faa238c042bcb209cc27.jpg,0,0.815004,0.622628,0.044908,0.099818,0.622999
road157_png.rf.e48c88408b366592b950018ee5d6426d.jpg,8,0.722857,0.207299,0.117919,0.089637,0.903908
road16_png.rf.9aba07c7ac70aab405028e7e8a750fb7.jpg,1,0.585829,0.255228,0.039499,0.151878,0.724906
road16_png.rf.9aba07c7ac70aab405028e7e8a750fb7.jpg,1,0.281595,0.470197,0.032782,0.085929,0.155161
road196_png.rf.6aa5da1b76ad6487d317d27963cc00d1.jpg,8,0.561328,0.319504,0.225075,0.167958,0.901237
road19_png.rf.05e1657af2361aab3c4d5deb43b29087.jpg,0,0.410649,0.323783,0.073654,0.128656,0.822897
road19_png.rf.05e1657af2361aab3c4d5deb43b29087.jpg,1,0.468622,0.341259,0.040524,0.107243,0.442955
road19_png.rf.05e1657af2361aab3c4d5deb43b29087.jpg,1,0.410456,0.323151,0.072172,0.128287,0.113265
road243_png.rf.555053220adbac3849def1e4105008fd.jpg,12,0.483188,0.610313,0.040901,0.034158,0.867245
road243_png.rf.555053220adbac3849def1e4105008fd.jpg,3,0.526461,0.610586,0.043885,0.033997,0.733556
road243_png.rf.555053220adbac3849def1e4105008fd.jpg,12,0.525843,0.610608,0.045223,0.035071,0.373599
road254_png.rf.5ed92d428851755882973a8e28944076.jpg,8,0.442519,0.24192,0.157069,0.119009,0.913968
road260_png.rf.47ad1e33078da07b4bf3b0e5712c926d.jpg,8,0.544167,0.411133,0.220293,0.17998,0.924648
road277_png.rf.3f53c2534447d823337f731b63c65c75.jpg,8,0.660334,0.323748,0.189063,0.144474,0.882291
road286_png.rf.702db0cc9906e626d838a77a4e79244d.jpg,8,0.476733,0.421508,0.225878,0.173263,0.907674
road288_png.rf.db64fffa70c02e58aabcbb10e3a19798.jpg,8,0.397353,0.472489,0.113103,0.087855,0.921358
road289_png.rf.ba6012fe8a27d9f53d8d66bb29db5ad8.jpg,14,0.351172,0.458287,0.273333,0.212815,0.930891
road289_png.rf.ba6012fe8a27d9f53d8d66bb29db5ad8.jpg,0,0.907154,0.89624,0.184755,0.207274,0.845437
road28_png.rf.d0de3563c76ae8b60ecdaf41757d472b.jpg,1,0.447844,0.078892,0.036791,0.138726,0.393735
road305_png.rf.f807df671677244a7387d2ffbe200f58.jpg,8,0.543801,0.421959,0.486154,0.542688,0.944438
road312_png.rf.ad2229fb2f7e136d7747b9568f121af4.jpg,8,0.292754,0.378162,0.517722,0.563565,0.953615
road314_png.rf.697a2d138347ee6ee2da288b2ffe8e9d.jpg,8,0.477527,0.491238,0.178786,0.142825,0.905057
road314_png.rf.697a2d138347ee6ee2da288b2ffe8e9d.jpg,8,0.171212,0.71402,0.084798,0.069662,0.882176
road320_png.rf.65f55afb9e0eb549cb01be72786c8b42.jpg,8,0.612303,0.598355,0.16223,0.123731,0.92433
road321_png.rf.f9c13308da074b8ee78f43f6c7ea54f3.jpg,8,0.517407,0.479961,0.135588,0.104398,0.932238
road321_png.rf.f9c13308da074b8ee78f43f6c7ea54f3.jpg,8,0.342058,0.608681,0.050133,0.057933,0.290069
road322_png.rf.6028574359019d435c66689704d0418f.jpg,8,0.425969,0.450864,0.151604,0.157079,0.908234
road323_png.rf.b843dd95b3d22917710ac75cca4a57b0.jpg,9,0.601433,0.615657,0.276013,0.212183,0.923361
road323_png.rf.b843dd95b3d22917710ac75cca4a57b0.jpg,14,0.565681,0.420103,0.251972,0.195476,0.918067
road339_png.rf.a176f5700f7182473dd4c3a268ebcbbd.jpg,14,0.50056,0.261339,0.36469,0.284193,0.952044
road351_png.rf.917ea4e951348855c275b66bb4d890ad.jpg,8,0.510391,0.380704,0.257142,0.197509,0.932949
road353_png.rf.deb497f4908212e3409c887fbb0544df.jpg,8,0.446081,0.496156,0.203133,0.147945,0.910539
road355_png.rf.c43f3ac674a10af91051d8cb228747ad.jpg,8,0.415549,0.371816,0.178808,0.137602,0.914915
road362_png.rf.765355e68b8097399c60024a6f28840c.jpg,8,0.391886,0.49557,0.22471,0.171087,0.93116
road367_png.rf.68facda4326805592fce6d2bfb2dba6c.jpg,7,0.438481,0.427968,0.125787,0.096217,0.93534
road388_png.rf.cc49d1d1343172eaa95da35bf070a7d3.jpg,13,0.537945,0.383716,0.112862,0.080929,0.933282
road38_png.rf.8b6e15b041aab397eb10b38728fa1e15.jpg,1,0.118372,0.191894,0.142117,0.383788,0.819699
road38_png.rf.8b6e15b041aab397eb10b38728fa1e15.jpg,1,0.752913,0.741934,0.131542,0.466164,0.484181
road393_png.rf.4fe43a89433923b9841d1435d98c4aae.jpg,3,0.545071,0.678501,0.111005,0.086162,0.905704
road397_png.rf.64b46468e2e241a3cb5dbce555894da3.jpg,3,0.583727,0.251666,0.303738,0.226894,0.94518
road400_png.rf.03186a0125d7e8f9ccbad9322201c91a.jpg,3,0.632922,0.560595,0.153282,0.116717,0.887263
road402_png.rf.8b57601c39d08578c3fba71d26f6dd1a.jpg,13,0.422691,0.658244,0.112743,0.084584,0.894396
road412_png.rf.f3dc3c3dcb2d0a679c190b33c3a3178b.jpg,3,0.580079,0.5113,0.084925,0.067964,0.883512
road420_png.rf.4db7dbd13a7b9c37ddddb7df9adf0834.jpg,13,0.535697,0.613385,0.200892,0.156002,0.916354
road421_png.rf.cd6d5f5724ac207f49f64d2ecc32f9f6.jpg,13,0.522284,0.498111,0.255798,0.197303,0.947425
road422_png.rf.9b9d58bbb154a5b030ff2addac608ef8.jpg,13,0.357592,0.535609,0.057086,0.04633,0.347844
road422_png.rf.9b9d58bbb154a5b030ff2addac608ef8.jpg,12,0.357359,0.535577,0.057668,0.046789,0.247992
road431_png.rf.4cf451707a1af9d139094513881b7654.jpg,13,0.180532,0.602504,0.188261,0.146656,0.943453
road439_png.rf.3a8f1ca30bf60d80f05733e8d83212d9.jpg,13,0.259702,0.792801,0.168066,0.130643,0.947655
road43_png.rf.c576096fc5f0b00379321f94ddffcbc6.jpg,0,0.675824,0.527987,0.026611,0.079816,0.787794
road43_png.rf.c576096fc5f0b00379321f94ddffcbc6.jpg,0,0.243513,0.38308,0.036451,0.111614,0.753463
road43_png.rf.c576096fc5f0b00379321f94ddffcbc6.jpg,0,0.838593,0.526195,0.02666,0.083734,0.740267
road43_png.rf.c576096fc5f0b00379321f94ddffcbc6.jpg,0,0.460271,0.361601,0.035795,0.112968,0.719498
road43_png.rf.c576096fc5f0b00379321f94ddffcbc6.jpg,0,0.045666,0.406519,0.03697,0.111927,0.413241
road446_png.rf.f38afaa2d572c8426b05a88bdb4a5d3d.jpg,13,0.528115,0.360173,0.215209,0.174088,0.941328
road450_png.rf.4066ba8e8ac659692b69cbcf144c575f.jpg,10,0.478369,0.443823,0.14815,0.11524,0.956057
road453_png.rf.2ac6332c02e34b01f38bd0daf2dee199.jpg,10,0.447044,0.476457,0.275462,0.221601,0.574828
road459_png.rf.90e8843192d53e6f83e48ef5a09736a3.jpg,12,0.483043,0.441666,0.21301,0.172305,0.923239
road459_png.rf.90e8843192d53e6f83e48ef5a09736a3.jpg,1,0.420899,0.876428,0.138434,0.247145,0.898203
road45_png.rf.de2883de8bdeb35347f7dfbd23b1916c.jpg,1,0.618559,0.327372,0.148813,0.24144,0.1295
road466_png.rf.d57ae6325b53f1b11ebb16fbfefd48e0.jpg,12,0.363636,0.249903,0.273933,0.205933,0.938755
road466_png.rf.d57ae6325b53f1b11ebb16fbfefd48e0.jpg,0,0.319413,0.801107,0.16153,0.3625,0.926057
road470_png.rf.7670afafae0b681bed4d7bd1ce2f1775.jpg,12,0.324821,0.543162,0.185209,0.144356,0.893596
road485_png.rf.27b8f614cd9acbfc022c4c40b8707cbf.jpg,12,0.385507,0.473329,0.431161,0.323602,0.946552
road487_png.rf.dc7045b0bb497d4a44959dc9f8466232.jpg,12,0.575431,0.424854,0.109458,0.083757,0.911439
road488_png.rf.d96ab5854f2c6a2137b4005752cadeec.jpg,12,0.674024,0.360129,0.125896,0.098171,0.899775
road490_png.rf.464f4426af72921b633d86c047b4eb7a.jpg,12,0.53423,0.369741,0.158626,0.124855,0.907336
road491_png.rf.878b3a369b2f57b3edeb679ff3e03c23.jpg,12,0.57227,0.401342,0.196015,0.154106,0.915908
road506_png.rf.7a13ac3369dd9c4a13997267c82b32a6.jpg,12,0.311883,0.674109,0.231111,0.181291,0.933094
road519_png.rf.aa9e93bebe13bca1fd49aa4b08f47354.jpg,12,0.581349,0.469919,0.089015,0.067854,0.893186
road51_png.rf.049d6ceefd959818a9f59c81f8d1387a.jpg,0,0.549725,0.501205,0.123858,0.308146,0.807301
road520_png.rf.937374420bcb13bddc7b27ad6128d860.jpg,12,0.635377,0.409703,0.153339,0.119577,0.905111
road554_png.rf.534262cf45c8f7f6ad9e709bfa74bd81.jpg,8,0.382428,0.709596,0.173851,0.135212,0.938508
road573_png.rf.692497fab5c04bfffa1d5f4b2b285213.jpg,8,0.37858,0.655868,0.29604,0.234453,0.947111
road574_png.rf.e9300ee48cadd50aff3821e5d303d293.jpg,8,0.492576,0.662786,0.390183,0.301528,0.946896
road576_png.rf.f46db39f9f64118df1377c6196897c25.jpg,8,0.25509,0.332935,0.125214,0.090379,0.923276
road582_png.rf.930fbae49546d10b46e1f533c4e0a291.jpg,1,0.645285,0.620465,0.056266,0.110485,0.826227
road582_png.rf.930fbae49546d10b46e1f533c4e0a291.jpg,1,0.353253,0.366299,0.05395,0.105819,0.509159
road585_png.rf.9f55a59547b49a85d4b9012e0f24859c.jpg,12,0.501246,0.319411,0.133834,0.103264,0.894255
road587_png.rf.a53ec0d32057731c117123acb2f3b4e1.jpg,12,0.453949,0.517296,0.070326,0.055303,0.871845
road587_png.rf.a53ec0d32057731c117123acb2f3b4e1.jpg,1,0.033321,0.643958,0.030224,0.020217,0.187083
road596_png.rf.11f43967e3d8f54a7c94b5810f527f23.jpg,12,0.506281,0.388006,0.109239,0.086972,0.879599
road59_png.rf.f43173a745a9712aebbbc8f919e0fff6.jpg,14,0.694727,0.499989,0.477435,0.624933,0.952481
road604_png.rf.78092f95d0c775d7e2b266dee85e6c5d.jpg,12,0.332964,0.294748,0.150607,0.116933,0.917773
road613_png.rf.560c13a685d02ca31a65b6b2b172772a.jpg,10,0.561585,0.516724,0.087548,0.067305,0.92996
road619_png.rf.afe775af026ad763791eed33be445f64.jpg,8,0.529699,0.434701,0.169648,0.133493,0.943724
road629_png.rf.79a049eae4f765c580544c533220d5f5.jpg,9,0.664337,0.374187,0.340312,0.265549,0.951335
road62_png.rf.b3288434b3cf3e2b6d2f057c1f5a0502.jpg,14,0.63801,0.398707,0.320746,0.221554,0.954543
road633_png.rf.282d128c502ba602126742a5064cd054.jpg,14,0.394895,0.316744,0.132021,0.102025,0.959287
road639_png.rf.74306332af06fee257b44f5dd9ae02fb.jpg,11,0.539745,0.62606,0.136647,0.108227,0.943509
road639_png.rf.74306332af06fee257b44f5dd9ae02fb.jpg,9,0.075865,0.774031,0.064872,0.051688,0.924535
road640_png.rf.d095777d03f03f86a0b6b1f5b32dfdd5.jpg,9,0.243574,0.485341,0.065702,0.052484,0.953439
road640_png.rf.d095777d03f03f86a0b6b1f5b32dfdd5.jpg,11,0.782833,0.321968,0.15159,0.119263,0.911911
road64_png.rf.bf315b45291d211d2e01926d50ddfddf.jpg,14,0.547309,0.47876,0.776785,0.882885,0.940097
road650_png.rf.b4086d2eec2b5bfe4465ae484a3b762f.jpg,9,0.483325,0.317558,0.116752,0.093598,0.97138
road652_png.rf.e82e3cfaed8d2378962fd6c1380f5d02.jpg,8,0.479874,0.457107,0.063143,0.047315,0.896332
road652_png.rf.e82e3cfaed8d2378962fd6c1380f5d02.jpg,10,0.287113,0.47262,0.051316,0.039142,0.708387
road653_png.rf.a69e562a3dab509d536c1f6d7689c4de.jpg,8,0.572427,0.573248,0.070368,0.055628,0.88049
road653_png.rf.a69e562a3dab509d536c1f6d7689c4de.jpg,10,0.334211,0.594084,0.050561,0.038842,0.746456
road654_png.rf.dccac1ff09c216df1ecd3c90e1d3923b.jpg,10,0.137165,0.52202,0.056973,0.045284,0.955765
road654_png.rf.dccac1ff09c216df1ecd3c90e1d3923b.jpg,8,0.425175,0.500299,0.081131,0.062654,0.846608
road655_png.rf.ff15054285f0f0f70cd01a48ab24b450.jpg,8,0.645307,0.527306,0.092128,0.071819,0.910437
road655_png.rf.ff15054285f0f0f70cd01a48ab24b450.jpg,10,0.296555,0.56179,0.066917,0.050131,0.899224
road655_png.rf.ff15054285f0f0f70cd01a48ab24b450.jpg,9,0.296194,0.562041,0.065781,0.051015,0.467062
road65_png.rf.35a17912d8a5df128c238eff97db75eb.jpg,14,0.517981,0.456025,0.454464,0.306584,0.951143
road661_png.rf.9b3a953ded6512ace828850f97be4472.jpg,8,0.516163,0.640077,0.246308,0.199301,0.925399
road666_png.rf.7d914d9d62e7d0fcc23d5bce18bb5d3c.jpg,10,0.556185,0.69324,0.357274,0.289833,0.936083
road673_png.rf.4180f0a6afa7416d52c729d8b9305d75.jpg,14,0.334103,0.448707,0.061892,0.049355,0.937397
road691_png.rf.3ca3931933e5623e51596577124c3447.jpg,5,0.502802,0.353058,0.161485,0.120368,0.927042
road691_png.rf.3ca3931933e5623e51596577124c3447.jpg,3,0.499202,0.54399,0.156607,0.117652,0.909212
road692_png.rf.428a4cfb2f374f0acb60ffc5c57e0750.jpg,3,0.440195,0.604346,0.226909,0.17272,0.929739
road692_png.rf.428a4cfb2f374f0acb60ffc5c57e0750.jpg,5,0.446215,0.333926,0.224727,0.172071,0.926164
road701_png.rf.cdb390be5b29eb46e8125d30c802cde0.jpg,3,0.894859,0.673955,0.210282,0.183417,0.935058
road701_png.rf.cdb390be5b29eb46e8125d30c802cde0.jpg,5,0.892522,0.381248,0.214956,0.183416,0.929171
road708_png.rf.d9bf7da6e0e73af3295909a18a2cabee.jpg,3,0.52716,0.731009,0.230361,0.178408,0.9338
road708_png.rf.d9bf7da6e0e73af3295909a18a2cabee.jpg,5,0.522137,0.44078,0.237552,0.182539,0.932365
road709_png.rf.4247ab0b03caf6c144ac9d5203850b81.jpg,5,0.488595,0.50237,0.077466,0.059329,0.893622
road709_png.rf.4247ab0b03caf6c144ac9d5203850b81.jpg,3,0.485105,0.593805,0.079135,0.055522,0.821979
road716_png.rf.b9085b6c292ddd763a6e1481465dd3cd.jpg,3,0.53256,0.549712,0.063749,0.04647,0.831854
road716_png.rf.b9085b6c292ddd763a6e1481465dd3cd.jpg,5,0.622123,0.554211,0.063913,0.048644,0.830098
road720_png.rf.bdc71460f5121259128f84a720780e9e.jpg,8,0.379351,0.520475,0.090724,0.072314,0.912813
road743_png.rf.09b77e4a47a21b7c3482c28b37c86ecb.jpg,5,0.27045,0.378802,0.09127,0.071527,0.915428
road743_png.rf.09b77e4a47a21b7c3482c28b37c86ecb.jpg,3,0.259379,0.483504,0.09186,0.069253,0.877134
road747_png.rf.66031af78137deac5c6878292d9ce7db.jpg,5,0.893789,0.341102,0.212421,0.182368,0.947849
road747_png.rf.66031af78137deac5c6878292d9ce7db.jpg,3,0.881339,0.628222,0.233571,0.185175,0.93428
road760_png.rf.cb25cb1c5c71e6bbf07a9dc3b11915d2.jpg,3,0.487302,0.356332,0.203773,0.157266,0.922431
road770_png.rf.192c2e4a2994c3c1bdfa14f69586392c.jpg,12,0.518089,0.449359,0.100192,0.079778,0.917096
road773_png.rf.b467561d9bc1abfaa69c770187f44c38.jpg,9,0.647595,0.495479,0.059856,0.048622,0.833902
road774_png.rf.01952886ddecdd8280c5df688e7f3f0e.jpg,9,0.658949,0.435712,0.063906,0.056075,0.837559
road794_png.rf.3569e6160a38765029861dd0a34ebfdd.jpg,13,0.443902,0.609331,0.199011,0.154077,0.914586
road794_png.rf.3569e6160a38765029861dd0a34ebfdd.jpg,9,0.084877,0.944905,0.046054,0.038421,0.542507
road803_png.rf.ec1de6db189d7a63e98b91529236a7d1.jpg,3,0.529345,0.588093,0.098437,0.077939,0.876371
road804_png.rf.c07a9b7b679e771fad740f296ee3a8f7.jpg,3,0.655328,0.492476,0.125899,0.096686,0.90643
road811_png.rf.e8ae9aefbf35658164ee88a52ed39bd8.jpg,13,0.45498,0.514281,0.173123,0.134119,0.950093
road822_png.rf.b3ba7f5457042a083bad8aac3fe5f819.jpg,14,0.456406,0.27128,0.202243,0.159189,0.903716
road822_png.rf.b3ba7f5457042a083bad8aac3fe5f819.jpg,1,0.479939,0.555614,0.133244,0.267411,0.882271
road836_png.rf.05522d5697471753f15583e9c74d9908.jpg,12,0.586136,0.387272,0.197013,0.14974,0.918406
road841_png.rf.7ddce1ff42545b101a28f63e6a1e5af7.jpg,12,0.429842,0.406954,0.132195,0.100196,0.886325
road842_png.rf.eaef28c5ea8a82fe3cfba78634bebf18.jpg,12,0.333524,0.444302,0.163724,0.127664,0.897923
road84_png.rf.3c4a24183c70e3af08fc01ae65761c88.jpg,14,0.497598,0.296839,0.255664,0.173723,0.932086
road850_png.rf.74fa86d3aaa9d85f0c87bf9bb5ce433e.jpg,12,0.295769,0.329989,0.060327,0.049111,0.824596
road851_png.rf.30b2392d540fed2bdafd783c8defefb9.jpg,12,0.415191,0.320533,0.070943,0.057111,0.871193
road851_png.rf.30b2392d540fed2bdafd783c8defefb9.jpg,13,0.99541,0.396684,0.009179,0.026611,0.128422
road856_png.rf.c56e130a9afef0aa81d3359ce467f4b1.jpg,12,0.507561,0.23185,0.145036,0.113327,0.925584
road859_png.rf.f0e4bbd39d237c79817d4ade35676364.jpg,12,0.469385,0.406076,0.08084,0.063699,0.852464
road85_png.rf.86fab2367257fba23a95cad102a7dd82.jpg,14,0.521776,0.540673,0.478821,0.361413,0.953567
road865_png.rf.d20a4a3f4030905929c2739f03eba9b8.jpg,10,0.580986,0.256282,0.112596,0.087457,0.941966
road86_png.rf.618acea5b57f584ad3cf0c2ddd8be8b3.jpg,14,0.496274,0.507808,0.274178,0.402342,0.883915
road86_png.rf.618acea5b57f584ad3cf0c2ddd8be8b3.jpg,0,0.520214,0.014371,0.172507,0.028633,0.191392
road872_png.rf.d95002240567bc0114365d0ba181071f.jpg,8,0.337098,0.54947,0.105013,0.083214,0.917143
road876_png.rf.723330bcac2a5e357c0a325590dbff3c.jpg,8,0.480038,0.366129,0.221671,0.169666,0.911454
road876_png.rf.723330bcac2a5e357c0a325590dbff3c.jpg,14,0.301569,0.763995,0.050035,0.047953,0.847894
road94_png.rf.77920ec51ee4fe99a6fb6f8d99f67954.jpg,14,0.50984,0.513446,0.523444,0.571223,0.953665
